domain,page,document,size [KB]
http://lms.epfl.ch,http://lms.epfl.ch/page-139412-en.html,https://documents.epfl.ch/groups/l/lm/lms-unit/www/Lab_Logs/GHGT%2013/8%20The%20alphorn%20concert%20at%20the%20Gala%20Dinner.jpg,13.742
http://lms.epfl.ch,http://lms.epfl.ch/page-139412-en.html,https://documents.epfl.ch/groups/l/lm/lms-unit/www/Lab_Logs/GHGT%2013/7%20The%20LMS%20%E2%80%93%20Chair%20Gaz%20Naturel%20%E2%80%93%20Petrosvibri%20group%20with%20a%20swiss%20cow%20at%20the%20Gala%20Dinner.jpg,13.742
http://lms.epfl.ch,http://lms.epfl.ch/page-139412-en.html,https://documents.epfl.ch/groups/l/lm/lms-unit/www/Lab_Logs/GHGT%2013/6%20Dr.%20Chao%20Li%20%28in%20the%20middle%29%20with%20the%20chinese%20community%20at%20GHGT-13%20.jpg,13.742
http://lms.epfl.ch,http://lms.epfl.ch/page-139412-en.html,https://documents.epfl.ch/groups/l/lm/lms-unit/www/Lab_Logs/GHGT%2013/5%20Mr.%20Matteo%20Bocco%20explaining%20the%20activities%20of%20the%20Chair%20to%20a%20visitor%20.jpg,13.742
http://lms.epfl.ch,http://lms.epfl.ch/page-139412-en.html,https://documents.epfl.ch/groups/l/lm/lms-unit/www/Lab_Logs/GHGT%2013/4%20Morning%20break.jpg,13.742
http://lms.epfl.ch,http://lms.epfl.ch/page-139412-en.html,https://documents.epfl.ch/groups/l/lm/lms-unit/www/Lab_Logs/GHGT%2013/3%20The%20opening%20aperitif%20at%20the%20Olympic%20Museum.jpg,13.742
http://lms.epfl.ch,http://lms.epfl.ch/page-139412-en.html,https://documents.epfl.ch/groups/l/lm/lms-unit/www/Lab_Logs/GHGT%2013/2%20Dr.%20Gunter%20Siddiqi%20%28SFOE%29%2C%20Mr.%20Neet%20Cornelis%20%28Canton%20de%20Vaud%29%20%2CMr.%20Jean-Yves%20Pidoux%20%28City%20of%20Lausanne%29%2C%20Prof.%20Lyesse%20Laloui%20%28EPFL%29%2C%20Mr.%20Ren%C3%A9%20Bautz%20%28GAZNAT%29%20.jpg,13.742
http://lms.epfl.ch,http://lms.epfl.ch/page-139412-en.html,https://documents.epfl.ch/groups/l/lm/lms-unit/www/Lab_Logs/GHGT%2013/1%20Prof.%20Lyesse%20Laloui%20giving%20the%20welcome%20speech%20at%20the%20Olympic%20Museum.jpg,13.742
http://lms.epfl.ch,http://lms.epfl.ch/notre-laboratoire/lab-logs/is-seoul-2011,https://documents.epfl.ch/groups/l/lm/lms-unit/www/Lab_Logs/IS-Seoul_2011/IS-Seoul%202011%20-%20Pic%201.png,9.744
http://lms.epfl.ch,http://lms.epfl.ch/notre-laboratoire/lab-logs/is-seoul-2011,https://documents.epfl.ch/groups/l/lm/lms-unit/www/Lab_Logs/IS-Seoul_2011/IS-Seoul%202011%20-%20Pic%204.png,9.211
http://lms.epfl.ch,http://lms.epfl.ch/notre-laboratoire/lab-logs/is-seoul-2011,https://documents.epfl.ch/groups/l/lm/lms-unit/www/Lab_Logs/IS-Seoul_2011/IS-Seoul%202011%20-%20Pic%202.png,9.211
http://lms.epfl.ch,http://lms.epfl.ch/notre-laboratoire/lab-logs/is-seoul-2011,https://documents.epfl.ch/groups/l/lm/lms-unit/www/Lab_Logs/IS-Seoul_2011/IS-Seoul%202011%20-%20Pic%205.png,9.211
http://lms.epfl.ch,http://lms.epfl.ch/notre-laboratoire/lab-logs/is-seoul-2011,https://documents.epfl.ch/groups/l/lm/lms-unit/www/Lab_Logs/IS-Seoul_2011/IS-Seoul%202011%20-%20Pic%203.png,9.211
http://lms.epfl.ch,http://lms.epfl.ch/notre-laboratoire/lab-logs/US-rock-geomechanics-symposium-2013,https://documents.epfl.ch/groups/l/lm/lms-unit/www/Lab_Logs/Symposium%20Rock%202013/SF1.JPG,9.768
http://lms.epfl.ch,http://lms.epfl.ch/notre-laboratoire/lab-logs/US-rock-geomechanics-symposium-2013,https://documents.epfl.ch/groups/l/lm/lms-unit/www/Lab_Logs/Symposium%20Rock%202013/SF2.JPG,9.246
http://lms.epfl.ch,http://lms.epfl.ch/notre-laboratoire/lab-logs/US-rock-geomechanics-symposium-2013,https://documents.epfl.ch/groups/l/lm/lms-unit/www/Lab_Logs/Symposium%20Rock%202013/SF3.JPG,9.246
http://lms.epfl.ch,http://lms.epfl.ch/notre-laboratoire/lab-logs/summer-party-2011,https://documents.epfl.ch/groups/l/lm/lms-unit/www/Lab_Logs/Summer_party_2011/2011_LMS_summerparty%20%286%20of%2095%29.jpg,8.841
http://lms.epfl.ch,http://lms.epfl.ch/notre-laboratoire/lab-logs/summer-party-2011,https://documents.epfl.ch/groups/l/lm/lms-unit/www/Lab_Logs/Summer_party_2011/2011_LMS_summerparty%20%2814%20of%2095%29.jpg,8.841
http://lms.epfl.ch,http://lms.epfl.ch/notre-laboratoire/lab-logs/summer-party-2011,https://documents.epfl.ch/groups/l/lm/lms-unit/www/Lab_Logs/Summer_party_2011/2011_LMS_summerparty%20%2819%20of%2095%29.jpg,8.841
http://lms.epfl.ch,http://lms.epfl.ch/notre-laboratoire/lab-logs/summer-party-2011,https://documents.epfl.ch/groups/l/lm/lms-unit/www/Lab_Logs/Summer_party_2011/2011_LMS_summerparty%20%2821%20of%2095%29.jpg,8.841
http://lms.epfl.ch,http://lms.epfl.ch/notre-laboratoire/lab-logs/summer-party-2011,https://documents.epfl.ch/groups/l/lm/lms-unit/www/Lab_Logs/Summer_party_2011/2011_LMS_summerparty%20%2822%20of%2095%29.jpg,8.841
http://lms.epfl.ch,http://lms.epfl.ch/notre-laboratoire/lab-logs/summer-party-2011,https://documents.epfl.ch/groups/l/lm/lms-unit/www/Lab_Logs/Summer_party_2011/2011_LMS_summerparty%20%2827%20of%2095%29.jpg,8.841
http://lms.epfl.ch,http://lms.epfl.ch/notre-laboratoire/lab-logs/summer-party-2011,https://documents.epfl.ch/groups/l/lm/lms-unit/www/Lab_Logs/Summer_party_2011/2011_LMS_summerparty%20%2832%20of%2095%29.jpg,8.841
http://lms.epfl.ch,http://lms.epfl.ch/notre-laboratoire/lab-logs/summer-party-2011,https://documents.epfl.ch/groups/l/lm/lms-unit/www/Lab_Logs/Summer_party_2011/2011_LMS_summerparty%20%2851%20of%2095%29-3.jpg,8.841
http://lms.epfl.ch,http://lms.epfl.ch/notre-laboratoire/lab-logs/summer-party-2011,https://documents.epfl.ch/groups/l/lm/lms-unit/www/Lab_Logs/Summer_party_2011/2011_LMS_summerparty%20%2853%20of%2095%29.jpg,8.841
http://lms.epfl.ch,http://lms.epfl.ch/notre-laboratoire/lab-logs/summer-party-2011,https://documents.epfl.ch/groups/l/lm/lms-unit/www/Lab_Logs/Summer_party_2011/2011_LMS_summerparty%20%2861%20of%2095%29.jpg,8.841
http://lms.epfl.ch,http://lms.epfl.ch/notre-laboratoire/lab-logs/summer-party-2011,https://documents.epfl.ch/groups/l/lm/lms-unit/www/Lab_Logs/Summer_party_2011/2011_LMS_summerparty%20%2862%20of%2095%29.jpg,8.841
http://lms.epfl.ch,http://lms.epfl.ch/notre-laboratoire/lab-logs/summer-party-2011,https://documents.epfl.ch/groups/l/lm/lms-unit/www/Lab_Logs/Summer_party_2011/2011_LMS_summerparty%20%2887%20of%2095%29.jpg,8.841
http://lms.epfl.ch,http://lms.epfl.ch/notre-laboratoire/lab-logs/summer-party-2011,https://documents.epfl.ch/groups/l/lm/lms-unit/www/Lab_Logs/Summer_party_2011/2011_LMS_summerparty%20%2893%20of%2095%29-2.jpg,8.841
http://lms.epfl.ch,http://lms.epfl.ch/notre-laboratoire/visites/prof-oka_1_1,https://documents.epfl.ch/groups/l/lm/lms-unit/www/Visites/ProfOka/Visit%20of%20Prof.%20Oka%20-%20Pic%202.JPG,8.839
http://lms.epfl.ch,http://lms.epfl.ch/notre-laboratoire/visites/prof-oka_1_1,https://documents.epfl.ch/groups/l/lm/lms-unit/www/Visites/ProfOka/Visit%20of%20Prof.%20Oka%20-%20Pic%201.JPG,8.328
http://lms.epfl.ch,http://lms.epfl.ch/notre-laboratoire/visites/prof-oka_1_1,https://documents.epfl.ch/groups/l/lm/lms-unit/www/Visites/ProfOka/Prof.%20Oka%20and%20Hiromasa%20Iwai%20with%20Prof.%20Laloui.jpg,8.328
http://lms.epfl.ch,http://lms.epfl.ch/notre-laboratoire/visites/prof-oka_1_1,https://documents.epfl.ch/groups/l/lm/lms-unit/www/Visites/ProfOka/Prof.%20Oka%20and%20Dr.%20Kimoto%20with%20Prof.%20Laloui.jpg,8.328
http://lms.epfl.ch,http://lms.epfl.ch/notre-laboratoire/invites/prof-alshibli_1_1,https://documents.epfl.ch/groups/l/lm/lms-unit/www/Visites/ProfAlshibli/1,9.392
http://lms.epfl.ch,http://lms.epfl.ch/notre-laboratoire/invites/prof-alshibli_1_1,https://documents.epfl.ch/groups/l/lm/lms-unit/www/Visites/ProfAlshibli/2,8.881
http://lms.epfl.ch,http://lms.epfl.ch/notre-laboratoire/invites/prof-alshibli_1_1,https://documents.epfl.ch/groups/l/lm/lms-unit/www/Visites/ProfAlshibli/3,8.881
http://lms.epfl.ch,http://lms.epfl.ch/notre-laboratoire/invites/prof-alshibli_1_1,https://documents.epfl.ch/groups/l/lm/lms-unit/www/Visites/ProfAlshibli/4,8.881
http://lms.epfl.ch,http://lms.epfl.ch/notre-laboratoire/invites/prof-alshibli_1_1,https://documents.epfl.ch/groups/l/lm/lms-unit/www/Visites/ProfAlshibli/5,8.881
http://lms.epfl.ch,http://lms.epfl.ch/notre-laboratoire/invites/dr-foerster_1_1,https://documents.epfl.ch/groups/l/lm/lms-unit/www/Visites/DrFoerster/1,9.294
http://lms.epfl.ch,http://lms.epfl.ch/notre-laboratoire/invites/dr-foerster_1_1,https://documents.epfl.ch/groups/l/lm/lms-unit/www/Visites/DrFoerster/2,8.773
http://lms.epfl.ch,http://lms.epfl.ch/notre-laboratoire/invites/dr-foerster_1_1,https://documents.epfl.ch/groups/l/lm/lms-unit/www/Visites/DrFoerster/3,8.773
http://lms.epfl.ch,http://lms.epfl.ch/notre-laboratoire/invites/dr-foerster_1_1,https://documents.epfl.ch/groups/l/lm/lms-unit/www/Visites/DrFoerster/4,8.773
http://lms.epfl.ch,http://lms.epfl.ch/page-139187-fr.html,https://documents.epfl.ch/groups/l/lm/lms-unit/www/Lab_Logs/GHGT13_Lab_visit_2016/098.JPG,10.02
http://lms.epfl.ch,http://lms.epfl.ch/page-139187-fr.html,https://documents.epfl.ch/groups/l/lm/lms-unit/www/Lab_Logs/GHGT13_Lab_visit_2016/094.JPG,9.494
http://lms.epfl.ch,http://lms.epfl.ch/page-139187-fr.html,https://documents.epfl.ch/groups/l/lm/lms-unit/www/Lab_Logs/GHGT13_Lab_visit_2016/089.JPG,9.494
http://lms.epfl.ch,http://lms.epfl.ch/page-139187-fr.html,https://documents.epfl.ch/groups/l/lm/lms-unit/www/Lab_Logs/GHGT13_Lab_visit_2016/084.JPG,9.494
http://lms.epfl.ch,http://lms.epfl.ch/page-139187-fr.html,https://documents.epfl.ch/groups/l/lm/lms-unit/www/Lab_Logs/GHGT13_Lab_visit_2016/082.JPG,9.494
http://lms.epfl.ch,http://lms.epfl.ch/page-139187-fr.html,https://documents.epfl.ch/groups/l/lm/lms-unit/www/Lab_Logs/GHGT13_Lab_visit_2016/080.JPG,9.494
http://lms.epfl.ch,http://lms.epfl.ch/page-139187-fr.html,https://documents.epfl.ch/groups/l/lm/lms-unit/www/Lab_Logs/GHGT13_Lab_visit_2016/079.JPG,9.494
http://lms.epfl.ch,http://lms.epfl.ch/page-139187-fr.html,https://documents.epfl.ch/groups/l/lm/lms-unit/www/Lab_Logs/GHGT13_Lab_visit_2016/074.JPG,9.494
http://lms.epfl.ch,http://lms.epfl.ch/page-139187-fr.html,https://documents.epfl.ch/groups/l/lm/lms-unit/www/Lab_Logs/GHGT13_Lab_visit_2016/073.JPG,9.494
http://lms.epfl.ch,http://lms.epfl.ch/page-139187-fr.html,https://documents.epfl.ch/groups/l/lm/lms-unit/www/Lab_Logs/GHGT13_Lab_visit_2016/071.JPG,9.494
http://lms.epfl.ch,http://lms.epfl.ch/page-139187-fr.html,https://documents.epfl.ch/groups/l/lm/lms-unit/www/Lab_Logs/GHGT13_Lab_visit_2016/070.JPG,9.494
http://lms.epfl.ch,http://lms.epfl.ch/page-139187-fr.html,https://documents.epfl.ch/groups/l/lm/lms-unit/www/Lab_Logs/GHGT13_Lab_visit_2016/069.JPG,9.494
http://lms.epfl.ch,http://lms.epfl.ch/page-139187-fr.html,https://documents.epfl.ch/groups/l/lm/lms-unit/www/Lab_Logs/GHGT13_Lab_visit_2016/053.JPG,9.494
http://lms.epfl.ch,http://lms.epfl.ch/page-139187-fr.html,https://documents.epfl.ch/groups/l/lm/lms-unit/www/Lab_Logs/GHGT13_Lab_visit_2016/052.JPG,9.494
http://lms.epfl.ch,http://lms.epfl.ch/page-139187-fr.html,https://documents.epfl.ch/groups/l/lm/lms-unit/www/Lab_Logs/GHGT13_Lab_visit_2016/051.JPG,9.494
http://lms.epfl.ch,http://lms.epfl.ch/page-139187-fr.html,https://documents.epfl.ch/groups/l/lm/lms-unit/www/Lab_Logs/GHGT13_Lab_visit_2016/050.JPG,9.494
http://lms.epfl.ch,http://lms.epfl.ch/notre-laboratoire/visites/prof-labuz_1_1,https://documents.epfl.ch/groups/l/lm/lms-unit/www/Visites/ProfLabuz/9,9.441
http://lms.epfl.ch,http://lms.epfl.ch/notre-laboratoire/visites/prof-labuz_1_1,https://documents.epfl.ch/groups/l/lm/lms-unit/www/Visites/ProfLabuz/4,8.899000000000001
http://lms.epfl.ch,http://lms.epfl.ch/notre-laboratoire/visites/prof-labuz_1_1,https://documents.epfl.ch/groups/l/lm/lms-unit/www/Visites/ProfLabuz/7,8.899000000000001
http://lms.epfl.ch,http://lms.epfl.ch/notre-laboratoire/visites/prof-labuz_1_1,https://documents.epfl.ch/groups/l/lm/lms-unit/www/Visites/ProfLabuz/1,8.899000000000001
http://lms.epfl.ch,http://lms.epfl.ch/notre-laboratoire/visites/prof-labuz_1_1,https://documents.epfl.ch/groups/l/lm/lms-unit/www/Visites/ProfLabuz/5,8.899000000000001
http://lms.epfl.ch,http://lms.epfl.ch/notre-laboratoire/visites/prof-labuz_1_1,https://documents.epfl.ch/groups/l/lm/lms-unit/www/Visites/ProfLabuz/8,8.899000000000001
http://lms.epfl.ch,http://lms.epfl.ch/notre-laboratoire/visites/prof-labuz_1_1,https://documents.epfl.ch/groups/l/lm/lms-unit/www/Visites/ProfLabuz/3,8.899000000000001
http://lms.epfl.ch,http://lms.epfl.ch/notre-laboratoire/visites/prof-labuz_1_1,https://documents.epfl.ch/groups/l/lm/lms-unit/www/Visites/ProfLabuz/2,8.899000000000001
http://lms.epfl.ch,http://lms.epfl.ch/notre-laboratoire/visites/prof-labuz_1_1,https://documents.epfl.ch/groups/l/lm/lms-unit/www/Visites/ProfLabuz/6,8.899000000000001
http://lms.epfl.ch,http://lms.epfl.ch/page-139412-fr.html,https://documents.epfl.ch/groups/l/lm/lms-unit/www/Lab_Logs/GHGT%2013/8%20The%20alphorn%20concert%20at%20the%20Gala%20Dinner.jpg,14.668000000000001
http://lms.epfl.ch,http://lms.epfl.ch/page-139412-fr.html,https://documents.epfl.ch/groups/l/lm/lms-unit/www/Lab_Logs/GHGT%2013/7%20The%20LMS%20%E2%80%93%20Chair%20Gaz%20Naturel%20%E2%80%93%20Petrosvibri%20group%20with%20a%20swiss%20cow%20at%20the%20Gala%20Dinner.jpg,14.057
http://lms.epfl.ch,http://lms.epfl.ch/page-139412-fr.html,https://documents.epfl.ch/groups/l/lm/lms-unit/www/Lab_Logs/GHGT%2013/6%20Dr.%20Chao%20Li%20%28in%20the%20middle%29%20with%20the%20chinese%20community%20at%20GHGT-13%20.jpg,14.057
http://lms.epfl.ch,http://lms.epfl.ch/page-139412-fr.html,https://documents.epfl.ch/groups/l/lm/lms-unit/www/Lab_Logs/GHGT%2013/5%20Mr.%20Matteo%20Bocco%20explaining%20the%20activities%20of%20the%20Chair%20to%20a%20visitor%20.jpg,14.057
http://lms.epfl.ch,http://lms.epfl.ch/page-139412-fr.html,https://documents.epfl.ch/groups/l/lm/lms-unit/www/Lab_Logs/GHGT%2013/4%20Morning%20break.jpg,14.057
http://lms.epfl.ch,http://lms.epfl.ch/page-139412-fr.html,https://documents.epfl.ch/groups/l/lm/lms-unit/www/Lab_Logs/GHGT%2013/3%20The%20opening%20aperitif%20at%20the%20Olympic%20Museum.jpg,14.057
http://lms.epfl.ch,http://lms.epfl.ch/page-139412-fr.html,https://documents.epfl.ch/groups/l/lm/lms-unit/www/Lab_Logs/GHGT%2013/2%20Dr.%20Gunter%20Siddiqi%20%28SFOE%29%2C%20Mr.%20Neet%20Cornelis%20%28Canton%20de%20Vaud%29%20%2CMr.%20Jean-Yves%20Pidoux%20%28City%20of%20Lausanne%29%2C%20Prof.%20Lyesse%20Laloui%20%28EPFL%29%2C%20Mr.%20Ren%C3%A9%20Bautz%20%28GAZNAT%29%20.jpg,14.057
http://lms.epfl.ch,http://lms.epfl.ch/page-139412-fr.html,https://documents.epfl.ch/groups/l/lm/lms-unit/www/Lab_Logs/GHGT%2013/1%20Prof.%20Lyesse%20Laloui%20giving%20the%20welcome%20speech%20at%20the%20Olympic%20Museum.jpg,14.057
http://lms.epfl.ch,http://lms.epfl.ch/notre-laboratoire/lab-logs/thermoactive-geotechnical-systems-2013,https://documents.epfl.ch/groups/l/lm/lms-unit/www/Lab_Logs/ThermoactiveGeotechnicalSystems2013%20/A.%20Organizer%20Lyesse%20Laloui%20at%20the%20inaugural%20cocktail.jpg,10.823
http://lms.epfl.ch,http://lms.epfl.ch/notre-laboratoire/lab-logs/thermoactive-geotechnical-systems-2013,https://documents.epfl.ch/groups/l/lm/lms-unit/www/Lab_Logs/ThermoactiveGeotechnicalSystems2013%20/B.%20Welcome%20cocktail.jpg,10.27
http://lms.epfl.ch,http://lms.epfl.ch/notre-laboratoire/lab-logs/thermoactive-geotechnical-systems-2013,https://documents.epfl.ch/groups/l/lm/lms-unit/www/Lab_Logs/ThermoactiveGeotechnicalSystems2013%20/H.%20Day%201%20-%20welcome%20of%20the%20participants%20by%20the%20local%20team.jpg,10.27
http://lms.epfl.ch,http://lms.epfl.ch/notre-laboratoire/lab-logs/thermoactive-geotechnical-systems-2013,https://documents.epfl.ch/groups/l/lm/lms-unit/www/Lab_Logs/ThermoactiveGeotechnicalSystems2013%20/C.%20Discussion%20between%20John%20McCartney%20%282nd%20from%20left%29%20and%20Guney%20Olgun%20%28backside%29.jpg,10.27
http://lms.epfl.ch,http://lms.epfl.ch/notre-laboratoire/lab-logs/thermoactive-geotechnical-systems-2013,https://documents.epfl.ch/groups/l/lm/lms-unit/www/Lab_Logs/ThermoactiveGeotechnicalSystems2013%20/I.%20Organizer%20Lyesse%20Laloui%20welcomes%20participants.jpg,10.27
http://lms.epfl.ch,http://lms.epfl.ch/notre-laboratoire/lab-logs/thermoactive-geotechnical-systems-2013,https://documents.epfl.ch/groups/l/lm/lms-unit/www/Lab_Logs/ThermoactiveGeotechnicalSystems2013%20/P.%20Organizer%20Guney%20Olgun%20presents%20the%20keynote%20speakers%20%28Kenichi%20Soga%29.jpg,10.27
http://lms.epfl.ch,http://lms.epfl.ch/notre-laboratoire/lab-logs/thermoactive-geotechnical-systems-2013,https://documents.epfl.ch/groups/l/lm/lms-unit/www/Lab_Logs/ThermoactiveGeotechnicalSystems2013%20/S.%20Duncan%20Nicholson%20during%20his%20plenary%20talk.jpg,10.27
http://lms.epfl.ch,http://lms.epfl.ch/notre-laboratoire/lab-logs/thermoactive-geotechnical-systems-2013,https://documents.epfl.ch/groups/l/lm/lms-unit/www/Lab_Logs/ThermoactiveGeotechnicalSystems2013%20/D.%20Welcome%20cocktail%20-%20Pic%202.jpg,10.27
http://lms.epfl.ch,http://lms.epfl.ch/notre-laboratoire/lab-logs/thermoactive-geotechnical-systems-2013,https://documents.epfl.ch/groups/l/lm/lms-unit/www/Lab_Logs/ThermoactiveGeotechnicalSystems2013%20/J.%20Arrival%20of%20the%20Iberian%20team.jpg,10.27
http://lms.epfl.ch,http://lms.epfl.ch/notre-laboratoire/lab-logs/thermoactive-geotechnical-systems-2013,https://documents.epfl.ch/groups/l/lm/lms-unit/www/Lab_Logs/ThermoactiveGeotechnicalSystems2013%20/O.%20Organizer%20Guney%20Olgun%20presents%20the%20keynote%20speakers%20%28Lyesse%20Laloui%29.jpg,10.27
http://lms.epfl.ch,http://lms.epfl.ch/notre-laboratoire/lab-logs/thermoactive-geotechnical-systems-2013,https://documents.epfl.ch/groups/l/lm/lms-unit/www/Lab_Logs/ThermoactiveGeotechnicalSystems2013%20/U.%20The%20local%20organizing%20committee%20during%20the%20workshop%20dinner.jpg,10.27
http://lms.epfl.ch,http://lms.epfl.ch/notre-laboratoire/lab-logs/thermoactive-geotechnical-systems-2013,https://documents.epfl.ch/groups/l/lm/lms-unit/www/Lab_Logs/ThermoactiveGeotechnicalSystems2013%20/E.%20Organizer%20John%20McCartney%20%28center%29%20is%20discussing.jpg,10.27
http://lms.epfl.ch,http://lms.epfl.ch/notre-laboratoire/lab-logs/thermoactive-geotechnical-systems-2013,https://documents.epfl.ch/groups/l/lm/lms-unit/www/Lab_Logs/ThermoactiveGeotechnicalSystems2013%20/K.%20Frontview%20of%20the%20meeting%20room.jpg,10.27
http://lms.epfl.ch,http://lms.epfl.ch/notre-laboratoire/lab-logs/thermoactive-geotechnical-systems-2013,https://documents.epfl.ch/groups/l/lm/lms-unit/www/Lab_Logs/ThermoactiveGeotechnicalSystems2013%20/M.%20Frontview%20of%20the%20meeting%20room%20-%20Pic%203.jpg,10.27
http://lms.epfl.ch,http://lms.epfl.ch/notre-laboratoire/lab-logs/thermoactive-geotechnical-systems-2013,https://documents.epfl.ch/groups/l/lm/lms-unit/www/Lab_Logs/ThermoactiveGeotechnicalSystems2013%20/R.%20Organizer%20Guney%20Olgun%20presents%20the%20keynote%20speakers%20%28Duncan%20Nicholson%29.jpg,10.27
http://lms.epfl.ch,http://lms.epfl.ch/notre-laboratoire/lab-logs/thermoactive-geotechnical-systems-2013,https://documents.epfl.ch/groups/l/lm/lms-unit/www/Lab_Logs/ThermoactiveGeotechnicalSystems2013%20/F.%20Organizer%20Guney%20Olgun.jpg,10.27
http://lms.epfl.ch,http://lms.epfl.ch/notre-laboratoire/lab-logs/thermoactive-geotechnical-systems-2013,https://documents.epfl.ch/groups/l/lm/lms-unit/www/Lab_Logs/ThermoactiveGeotechnicalSystems2013%20/L.%20Frontview%20of%20the%20meeting%20room%20-%20Pic%202.jpg,10.27
http://lms.epfl.ch,http://lms.epfl.ch/notre-laboratoire/lab-logs/thermoactive-geotechnical-systems-2013,https://documents.epfl.ch/groups/l/lm/lms-unit/www/Lab_Logs/ThermoactiveGeotechnicalSystems2013%20/T.%20Lyesse%20Laloui%20during%20his%20plenary%20talk.jpg,10.27
http://lms.epfl.ch,http://lms.epfl.ch/notre-laboratoire/lab-logs/thermoactive-geotechnical-systems-2013,https://documents.epfl.ch/groups/l/lm/lms-unit/www/Lab_Logs/ThermoactiveGeotechnicalSystems2013%20/G.%20Prof.%20Zhao%20from%20EPFL%20in%20discussion.jpg,10.27
http://lms.epfl.ch,http://lms.epfl.ch/notre-laboratoire/lab-logs/thermoactive-geotechnical-systems-2013,https://documents.epfl.ch/groups/l/lm/lms-unit/www/Lab_Logs/ThermoactiveGeotechnicalSystems2013%20/N.%20Organizer%20Guney%20Olgun%20is%20explaining%20the%20goals.jpg,10.27
http://lms.epfl.ch,http://lms.epfl.ch/notre-laboratoire/lab-logs/thermoactive-geotechnical-systems-2013,https://documents.epfl.ch/groups/l/lm/lms-unit/www/Lab_Logs/ThermoactiveGeotechnicalSystems2013%20/V.%20Workshop%20dinner.jpg,10.27
http://lms.epfl.ch,http://lms.epfl.ch/notre-laboratoire/lab-logs/thermoactive-geotechnical-systems-2013,https://documents.epfl.ch/groups/l/lm/lms-unit/www/Lab_Logs/ThermoactiveGeotechnicalSystems2013%20/Q.%20Organizer%20Guney%20Olgun%20presents%20the%20keynote%20speakers%20%28Burkhard%20Sanner%29.jpg,10.27
http://lms.epfl.ch,http://lms.epfl.ch/notre-laboratoire/lab-logs/summer-party-2012,https://documents.epfl.ch/groups/l/lm/lms-unit/www/Lab_Logs/Summer_party_2012/Pic-nic%20labo%27s%20134.jpg,8.777000000000001
http://lms.epfl.ch,http://lms.epfl.ch/notre-laboratoire/lab-logs/summer-party-2012,https://documents.epfl.ch/groups/l/lm/lms-unit/www/Lab_Logs/Summer_party_2012/Pic-nic%20labo%27s%20010.jpg,8.777000000000001
http://lms.epfl.ch,http://lms.epfl.ch/notre-laboratoire/lab-logs/summer-party-2012,https://documents.epfl.ch/groups/l/lm/lms-unit/www/Lab_Logs/Summer_party_2012/Pic-nic%20labo%27s%20033.jpg,8.777000000000001
http://lms.epfl.ch,http://lms.epfl.ch/notre-laboratoire/lab-logs/summer-party-2012,https://documents.epfl.ch/groups/l/lm/lms-unit/www/Lab_Logs/Summer_party_2012/Pic-nic%20labo%27s%20042.jpg,8.777000000000001
http://lms.epfl.ch,http://lms.epfl.ch/notre-laboratoire/lab-logs/summer-party-2012,https://documents.epfl.ch/groups/l/lm/lms-unit/www/Lab_Logs/Summer_party_2012/Pic-nic%20labo%27s%20059.jpg,8.777000000000001
http://lms.epfl.ch,http://lms.epfl.ch/notre-laboratoire/lab-logs/summer-party-2012,https://documents.epfl.ch/groups/l/lm/lms-unit/www/Lab_Logs/Summer_party_2012/Pic-nic%20labo%27s%20066.jpg,8.777000000000001
http://lms.epfl.ch,http://lms.epfl.ch/notre-laboratoire/lab-logs/summer-party-2012,https://documents.epfl.ch/groups/l/lm/lms-unit/www/Lab_Logs/Summer_party_2012/Pic-nic%20labo%27s%20077.jpg,8.777000000000001
http://lms.epfl.ch,http://lms.epfl.ch/notre-laboratoire/lab-logs/summer-party-2012,https://documents.epfl.ch/groups/l/lm/lms-unit/www/Lab_Logs/Summer_party_2012/Pic-nic%20labo%27s%20085.jpg,8.777000000000001
http://lms.epfl.ch,http://lms.epfl.ch/notre-laboratoire/lab-logs/summer-party-2012,https://documents.epfl.ch/groups/l/lm/lms-unit/www/Lab_Logs/Summer_party_2012/Pic-nic%20labo%27s%20090.jpg,8.777000000000001
http://lms.epfl.ch,http://lms.epfl.ch/notre-laboratoire/lab-logs/summer-party-2012,https://documents.epfl.ch/groups/l/lm/lms-unit/www/Lab_Logs/Summer_party_2012/Pic-nic%20labo%27s%20093.jpg,8.777000000000001
http://lms.epfl.ch,http://lms.epfl.ch/notre-laboratoire/lab-logs/summer-party-2012,https://documents.epfl.ch/groups/l/lm/lms-unit/www/Lab_Logs/Summer_party_2012/Pic-nic%20labo%27s%20118.jpg,8.777000000000001
http://lms.epfl.ch,http://lms.epfl.ch/notre-laboratoire/lab-logs/summer-party-2012,https://documents.epfl.ch/groups/l/lm/lms-unit/www/Lab_Logs/Summer_party_2012/Pic-nic%20labo%27s%20126.jpg,8.777000000000001
http://lms.epfl.ch,http://lms.epfl.ch/about-us/lab-logs/summer-party-2012,https://documents.epfl.ch/groups/l/lm/lms-unit/www/Lab_Logs/Summer_party_2012/Pic-nic%20labo%27s%20134.jpg,8.486
http://lms.epfl.ch,http://lms.epfl.ch/about-us/lab-logs/summer-party-2012,https://documents.epfl.ch/groups/l/lm/lms-unit/www/Lab_Logs/Summer_party_2012/Pic-nic%20labo%27s%20010.jpg,8.486
http://lms.epfl.ch,http://lms.epfl.ch/about-us/lab-logs/summer-party-2012,https://documents.epfl.ch/groups/l/lm/lms-unit/www/Lab_Logs/Summer_party_2012/Pic-nic%20labo%27s%20033.jpg,8.486
http://lms.epfl.ch,http://lms.epfl.ch/about-us/lab-logs/summer-party-2012,https://documents.epfl.ch/groups/l/lm/lms-unit/www/Lab_Logs/Summer_party_2012/Pic-nic%20labo%27s%20042.jpg,8.486
http://lms.epfl.ch,http://lms.epfl.ch/about-us/lab-logs/summer-party-2012,https://documents.epfl.ch/groups/l/lm/lms-unit/www/Lab_Logs/Summer_party_2012/Pic-nic%20labo%27s%20059.jpg,8.486
http://lms.epfl.ch,http://lms.epfl.ch/about-us/lab-logs/summer-party-2012,https://documents.epfl.ch/groups/l/lm/lms-unit/www/Lab_Logs/Summer_party_2012/Pic-nic%20labo%27s%20066.jpg,8.486
http://lms.epfl.ch,http://lms.epfl.ch/about-us/lab-logs/summer-party-2012,https://documents.epfl.ch/groups/l/lm/lms-unit/www/Lab_Logs/Summer_party_2012/Pic-nic%20labo%27s%20077.jpg,8.486
http://lms.epfl.ch,http://lms.epfl.ch/about-us/lab-logs/summer-party-2012,https://documents.epfl.ch/groups/l/lm/lms-unit/www/Lab_Logs/Summer_party_2012/Pic-nic%20labo%27s%20085.jpg,8.486
http://lms.epfl.ch,http://lms.epfl.ch/about-us/lab-logs/summer-party-2012,https://documents.epfl.ch/groups/l/lm/lms-unit/www/Lab_Logs/Summer_party_2012/Pic-nic%20labo%27s%20090.jpg,8.486
http://lms.epfl.ch,http://lms.epfl.ch/about-us/lab-logs/summer-party-2012,https://documents.epfl.ch/groups/l/lm/lms-unit/www/Lab_Logs/Summer_party_2012/Pic-nic%20labo%27s%20093.jpg,8.486
http://lms.epfl.ch,http://lms.epfl.ch/about-us/lab-logs/summer-party-2012,https://documents.epfl.ch/groups/l/lm/lms-unit/www/Lab_Logs/Summer_party_2012/Pic-nic%20labo%27s%20118.jpg,8.486
http://lms.epfl.ch,http://lms.epfl.ch/about-us/lab-logs/summer-party-2012,https://documents.epfl.ch/groups/l/lm/lms-unit/www/Lab_Logs/Summer_party_2012/Pic-nic%20labo%27s%20126.jpg,8.486
http://lms.epfl.ch,http://lms.epfl.ch/about-us/lab-logs/is-seoul-2011,https://documents.epfl.ch/groups/l/lm/lms-unit/www/Lab_Logs/IS-Seoul_2011/IS-Seoul%202011%20-%20Pic%201.png,9.450000000000001
http://lms.epfl.ch,http://lms.epfl.ch/about-us/lab-logs/is-seoul-2011,https://documents.epfl.ch/groups/l/lm/lms-unit/www/Lab_Logs/IS-Seoul_2011/IS-Seoul%202011%20-%20Pic%204.png,8.911
http://lms.epfl.ch,http://lms.epfl.ch/about-us/lab-logs/is-seoul-2011,https://documents.epfl.ch/groups/l/lm/lms-unit/www/Lab_Logs/IS-Seoul_2011/IS-Seoul%202011%20-%20Pic%202.png,8.911
http://lms.epfl.ch,http://lms.epfl.ch/about-us/lab-logs/is-seoul-2011,https://documents.epfl.ch/groups/l/lm/lms-unit/www/Lab_Logs/IS-Seoul_2011/IS-Seoul%202011%20-%20Pic%205.png,8.911
http://lms.epfl.ch,http://lms.epfl.ch/about-us/lab-logs/is-seoul-2011,https://documents.epfl.ch/groups/l/lm/lms-unit/www/Lab_Logs/IS-Seoul_2011/IS-Seoul%202011%20-%20Pic%203.png,8.911
http://lms.epfl.ch,http://lms.epfl.ch/page-139187-en.html,https://documents.epfl.ch/groups/l/lm/lms-unit/www/Lab_Logs/GHGT13_Lab_visit_2016/098.JPG,9.749
http://lms.epfl.ch,http://lms.epfl.ch/page-139187-en.html,https://documents.epfl.ch/groups/l/lm/lms-unit/www/Lab_Logs/GHGT13_Lab_visit_2016/094.JPG,9.201
http://lms.epfl.ch,http://lms.epfl.ch/page-139187-en.html,https://documents.epfl.ch/groups/l/lm/lms-unit/www/Lab_Logs/GHGT13_Lab_visit_2016/089.JPG,9.201
http://lms.epfl.ch,http://lms.epfl.ch/page-139187-en.html,https://documents.epfl.ch/groups/l/lm/lms-unit/www/Lab_Logs/GHGT13_Lab_visit_2016/084.JPG,9.201
http://lms.epfl.ch,http://lms.epfl.ch/page-139187-en.html,https://documents.epfl.ch/groups/l/lm/lms-unit/www/Lab_Logs/GHGT13_Lab_visit_2016/082.JPG,9.201
http://lms.epfl.ch,http://lms.epfl.ch/page-139187-en.html,https://documents.epfl.ch/groups/l/lm/lms-unit/www/Lab_Logs/GHGT13_Lab_visit_2016/080.JPG,9.201
http://lms.epfl.ch,http://lms.epfl.ch/page-139187-en.html,https://documents.epfl.ch/groups/l/lm/lms-unit/www/Lab_Logs/GHGT13_Lab_visit_2016/079.JPG,9.201
http://lms.epfl.ch,http://lms.epfl.ch/page-139187-en.html,https://documents.epfl.ch/groups/l/lm/lms-unit/www/Lab_Logs/GHGT13_Lab_visit_2016/074.JPG,9.201
http://lms.epfl.ch,http://lms.epfl.ch/page-139187-en.html,https://documents.epfl.ch/groups/l/lm/lms-unit/www/Lab_Logs/GHGT13_Lab_visit_2016/073.JPG,9.201
http://lms.epfl.ch,http://lms.epfl.ch/page-139187-en.html,https://documents.epfl.ch/groups/l/lm/lms-unit/www/Lab_Logs/GHGT13_Lab_visit_2016/071.JPG,9.201
http://lms.epfl.ch,http://lms.epfl.ch/page-139187-en.html,https://documents.epfl.ch/groups/l/lm/lms-unit/www/Lab_Logs/GHGT13_Lab_visit_2016/070.JPG,9.201
http://lms.epfl.ch,http://lms.epfl.ch/page-139187-en.html,https://documents.epfl.ch/groups/l/lm/lms-unit/www/Lab_Logs/GHGT13_Lab_visit_2016/069.JPG,9.201
http://lms.epfl.ch,http://lms.epfl.ch/page-139187-en.html,https://documents.epfl.ch/groups/l/lm/lms-unit/www/Lab_Logs/GHGT13_Lab_visit_2016/053.JPG,9.201
http://lms.epfl.ch,http://lms.epfl.ch/page-139187-en.html,https://documents.epfl.ch/groups/l/lm/lms-unit/www/Lab_Logs/GHGT13_Lab_visit_2016/052.JPG,9.201
http://lms.epfl.ch,http://lms.epfl.ch/page-139187-en.html,https://documents.epfl.ch/groups/l/lm/lms-unit/www/Lab_Logs/GHGT13_Lab_visit_2016/051.JPG,9.201
http://lms.epfl.ch,http://lms.epfl.ch/page-139187-en.html,https://documents.epfl.ch/groups/l/lm/lms-unit/www/Lab_Logs/GHGT13_Lab_visit_2016/050.JPG,9.201
http://lms.epfl.ch,http://lms.epfl.ch/about-us/lab-logs/US-rock-geomechanics-symposium-2013,https://documents.epfl.ch/groups/l/lm/lms-unit/www/Lab_Logs/Symposium%20Rock%202013/SF1.JPG,8.907
http://lms.epfl.ch,http://lms.epfl.ch/about-us/lab-logs/US-rock-geomechanics-symposium-2013,https://documents.epfl.ch/groups/l/lm/lms-unit/www/Lab_Logs/Symposium%20Rock%202013/SF2.JPG,8.907
http://lms.epfl.ch,http://lms.epfl.ch/about-us/lab-logs/US-rock-geomechanics-symposium-2013,https://documents.epfl.ch/groups/l/lm/lms-unit/www/Lab_Logs/Symposium%20Rock%202013/SF3.JPG,8.907
http://lms.epfl.ch,http://lms.epfl.ch/about-us/guests/prof-labuz_1_1,https://documents.epfl.ch/groups/l/lm/lms-unit/www/Visites/ProfLabuz/9,9.142
http://lms.epfl.ch,http://lms.epfl.ch/about-us/guests/prof-labuz_1_1,https://documents.epfl.ch/groups/l/lm/lms-unit/www/Visites/ProfLabuz/4,8.601
http://lms.epfl.ch,http://lms.epfl.ch/about-us/guests/prof-labuz_1_1,https://documents.epfl.ch/groups/l/lm/lms-unit/www/Visites/ProfLabuz/7,8.601
http://lms.epfl.ch,http://lms.epfl.ch/about-us/guests/prof-labuz_1_1,https://documents.epfl.ch/groups/l/lm/lms-unit/www/Visites/ProfLabuz/1,8.601
http://lms.epfl.ch,http://lms.epfl.ch/about-us/guests/prof-labuz_1_1,https://documents.epfl.ch/groups/l/lm/lms-unit/www/Visites/ProfLabuz/5,8.601
http://lms.epfl.ch,http://lms.epfl.ch/about-us/guests/prof-labuz_1_1,https://documents.epfl.ch/groups/l/lm/lms-unit/www/Visites/ProfLabuz/8,8.601
http://lms.epfl.ch,http://lms.epfl.ch/about-us/guests/prof-labuz_1_1,https://documents.epfl.ch/groups/l/lm/lms-unit/www/Visites/ProfLabuz/3,8.601
http://lms.epfl.ch,http://lms.epfl.ch/about-us/guests/prof-labuz_1_1,https://documents.epfl.ch/groups/l/lm/lms-unit/www/Visites/ProfLabuz/2,8.601
http://lms.epfl.ch,http://lms.epfl.ch/about-us/guests/prof-labuz_1_1,https://documents.epfl.ch/groups/l/lm/lms-unit/www/Visites/ProfLabuz/6,8.601
http://lms.epfl.ch,http://lms.epfl.ch/about-us/lab-logs/summer-party-2011,https://documents.epfl.ch/groups/l/lm/lms-unit/www/Lab_Logs/Summer_party_2011/2011_LMS_summerparty%20%286%20of%2095%29.jpg,8.556000000000001
http://lms.epfl.ch,http://lms.epfl.ch/about-us/lab-logs/summer-party-2011,https://documents.epfl.ch/groups/l/lm/lms-unit/www/Lab_Logs/Summer_party_2011/2011_LMS_summerparty%20%2814%20of%2095%29.jpg,8.556000000000001
http://lms.epfl.ch,http://lms.epfl.ch/about-us/lab-logs/summer-party-2011,https://documents.epfl.ch/groups/l/lm/lms-unit/www/Lab_Logs/Summer_party_2011/2011_LMS_summerparty%20%2819%20of%2095%29.jpg,8.556000000000001
http://lms.epfl.ch,http://lms.epfl.ch/about-us/lab-logs/summer-party-2011,https://documents.epfl.ch/groups/l/lm/lms-unit/www/Lab_Logs/Summer_party_2011/2011_LMS_summerparty%20%2821%20of%2095%29.jpg,8.556000000000001
http://lms.epfl.ch,http://lms.epfl.ch/about-us/lab-logs/summer-party-2011,https://documents.epfl.ch/groups/l/lm/lms-unit/www/Lab_Logs/Summer_party_2011/2011_LMS_summerparty%20%2822%20of%2095%29.jpg,8.556000000000001
http://lms.epfl.ch,http://lms.epfl.ch/about-us/lab-logs/summer-party-2011,https://documents.epfl.ch/groups/l/lm/lms-unit/www/Lab_Logs/Summer_party_2011/2011_LMS_summerparty%20%2827%20of%2095%29.jpg,8.556000000000001
http://lms.epfl.ch,http://lms.epfl.ch/about-us/lab-logs/summer-party-2011,https://documents.epfl.ch/groups/l/lm/lms-unit/www/Lab_Logs/Summer_party_2011/2011_LMS_summerparty%20%2832%20of%2095%29.jpg,8.556000000000001
http://lms.epfl.ch,http://lms.epfl.ch/about-us/lab-logs/summer-party-2011,https://documents.epfl.ch/groups/l/lm/lms-unit/www/Lab_Logs/Summer_party_2011/2011_LMS_summerparty%20%2851%20of%2095%29-3.jpg,8.556000000000001
http://lms.epfl.ch,http://lms.epfl.ch/about-us/lab-logs/summer-party-2011,https://documents.epfl.ch/groups/l/lm/lms-unit/www/Lab_Logs/Summer_party_2011/2011_LMS_summerparty%20%2853%20of%2095%29.jpg,8.556000000000001
http://lms.epfl.ch,http://lms.epfl.ch/about-us/lab-logs/summer-party-2011,https://documents.epfl.ch/groups/l/lm/lms-unit/www/Lab_Logs/Summer_party_2011/2011_LMS_summerparty%20%2861%20of%2095%29.jpg,8.556000000000001
http://lms.epfl.ch,http://lms.epfl.ch/about-us/lab-logs/summer-party-2011,https://documents.epfl.ch/groups/l/lm/lms-unit/www/Lab_Logs/Summer_party_2011/2011_LMS_summerparty%20%2862%20of%2095%29.jpg,8.556000000000001
http://lms.epfl.ch,http://lms.epfl.ch/about-us/lab-logs/summer-party-2011,https://documents.epfl.ch/groups/l/lm/lms-unit/www/Lab_Logs/Summer_party_2011/2011_LMS_summerparty%20%2887%20of%2095%29.jpg,8.556000000000001
http://lms.epfl.ch,http://lms.epfl.ch/about-us/lab-logs/summer-party-2011,https://documents.epfl.ch/groups/l/lm/lms-unit/www/Lab_Logs/Summer_party_2011/2011_LMS_summerparty%20%2893%20of%2095%29-2.jpg,8.556000000000001
http://lms.epfl.ch,http://lms.epfl.ch/about-us/guests/prof-oka_1_1,https://documents.epfl.ch/groups/l/lm/lms-unit/www/Visites/ProfOka/Visit%20of%20Prof.%20Oka%20-%20Pic%202.JPG,8.668000000000001
http://lms.epfl.ch,http://lms.epfl.ch/about-us/guests/prof-oka_1_1,https://documents.epfl.ch/groups/l/lm/lms-unit/www/Visites/ProfOka/Visit%20of%20Prof.%20Oka%20-%20Pic%201.JPG,8.142
http://lms.epfl.ch,http://lms.epfl.ch/about-us/guests/prof-oka_1_1,https://documents.epfl.ch/groups/l/lm/lms-unit/www/Visites/ProfOka/Prof.%20Oka%20and%20Hiromasa%20Iwai%20with%20Prof.%20Laloui.jpg,8.142
http://lms.epfl.ch,http://lms.epfl.ch/about-us/guests/prof-oka_1_1,https://documents.epfl.ch/groups/l/lm/lms-unit/www/Visites/ProfOka/Prof.%20Oka%20and%20Dr.%20Kimoto%20with%20Prof.%20Laloui.jpg,8.142
http://lms.epfl.ch,http://lms.epfl.ch/about-us/guests/prof-alshibli_1_1,https://documents.epfl.ch/groups/l/lm/lms-unit/www/Visites/ProfAlshibli/1,9.136000000000001
http://lms.epfl.ch,http://lms.epfl.ch/about-us/guests/prof-alshibli_1_1,https://documents.epfl.ch/groups/l/lm/lms-unit/www/Visites/ProfAlshibli/2,8.575000000000001
http://lms.epfl.ch,http://lms.epfl.ch/about-us/guests/prof-alshibli_1_1,https://documents.epfl.ch/groups/l/lm/lms-unit/www/Visites/ProfAlshibli/3,8.575000000000001
http://lms.epfl.ch,http://lms.epfl.ch/about-us/guests/prof-alshibli_1_1,https://documents.epfl.ch/groups/l/lm/lms-unit/www/Visites/ProfAlshibli/4,8.575000000000001
http://lms.epfl.ch,http://lms.epfl.ch/about-us/guests/prof-alshibli_1_1,https://documents.epfl.ch/groups/l/lm/lms-unit/www/Visites/ProfAlshibli/5,8.575000000000001
http://lms.epfl.ch,http://lms.epfl.ch/about-us/lab-logs/thermoactive-geotechnical-systems-2013,https://documents.epfl.ch/groups/l/lm/lms-unit/www/Lab_Logs/ThermoactiveGeotechnicalSystems2013%20/A.%20Organizer%20Lyesse%20Laloui%20at%20the%20inaugural%20cocktail.jpg,10.506
http://lms.epfl.ch,http://lms.epfl.ch/about-us/lab-logs/thermoactive-geotechnical-systems-2013,https://documents.epfl.ch/groups/l/lm/lms-unit/www/Lab_Logs/ThermoactiveGeotechnicalSystems2013%20/B.%20Welcome%20cocktail.jpg,9.944
http://lms.epfl.ch,http://lms.epfl.ch/about-us/lab-logs/thermoactive-geotechnical-systems-2013,https://documents.epfl.ch/groups/l/lm/lms-unit/www/Lab_Logs/ThermoactiveGeotechnicalSystems2013%20/H.%20Day%201%20-%20welcome%20of%20the%20participants%20by%20the%20local%20team.jpg,9.944
http://lms.epfl.ch,http://lms.epfl.ch/about-us/lab-logs/thermoactive-geotechnical-systems-2013,https://documents.epfl.ch/groups/l/lm/lms-unit/www/Lab_Logs/ThermoactiveGeotechnicalSystems2013%20/C.%20Discussion%20between%20John%20McCartney%20%282nd%20from%20left%29%20and%20Guney%20Olgun%20%28backside%29.jpg,9.944
http://lms.epfl.ch,http://lms.epfl.ch/about-us/lab-logs/thermoactive-geotechnical-systems-2013,https://documents.epfl.ch/groups/l/lm/lms-unit/www/Lab_Logs/ThermoactiveGeotechnicalSystems2013%20/I.%20Organizer%20Lyesse%20Laloui%20welcomes%20participants.jpg,9.944
http://lms.epfl.ch,http://lms.epfl.ch/about-us/lab-logs/thermoactive-geotechnical-systems-2013,https://documents.epfl.ch/groups/l/lm/lms-unit/www/Lab_Logs/ThermoactiveGeotechnicalSystems2013%20/P.%20Organizer%20Guney%20Olgun%20presents%20the%20keynote%20speakers%20%28Kenichi%20Soga%29.jpg,9.944
http://lms.epfl.ch,http://lms.epfl.ch/about-us/lab-logs/thermoactive-geotechnical-systems-2013,https://documents.epfl.ch/groups/l/lm/lms-unit/www/Lab_Logs/ThermoactiveGeotechnicalSystems2013%20/S.%20Duncan%20Nicholson%20during%20his%20plenary%20talk.jpg,9.944
http://lms.epfl.ch,http://lms.epfl.ch/about-us/lab-logs/thermoactive-geotechnical-systems-2013,https://documents.epfl.ch/groups/l/lm/lms-unit/www/Lab_Logs/ThermoactiveGeotechnicalSystems2013%20/D.%20Welcome%20cocktail%20-%20Pic%202.jpg,9.944
http://lms.epfl.ch,http://lms.epfl.ch/about-us/lab-logs/thermoactive-geotechnical-systems-2013,https://documents.epfl.ch/groups/l/lm/lms-unit/www/Lab_Logs/ThermoactiveGeotechnicalSystems2013%20/J.%20Arrival%20of%20the%20Iberian%20team.jpg,9.944
http://lms.epfl.ch,http://lms.epfl.ch/about-us/lab-logs/thermoactive-geotechnical-systems-2013,https://documents.epfl.ch/groups/l/lm/lms-unit/www/Lab_Logs/ThermoactiveGeotechnicalSystems2013%20/O.%20Organizer%20Guney%20Olgun%20presents%20the%20keynote%20speakers%20%28Lyesse%20Laloui%29.jpg,9.944
http://lms.epfl.ch,http://lms.epfl.ch/about-us/lab-logs/thermoactive-geotechnical-systems-2013,https://documents.epfl.ch/groups/l/lm/lms-unit/www/Lab_Logs/ThermoactiveGeotechnicalSystems2013%20/U.%20The%20local%20organizing%20committee%20during%20the%20workshop%20dinner.jpg,9.944
http://lms.epfl.ch,http://lms.epfl.ch/about-us/lab-logs/thermoactive-geotechnical-systems-2013,https://documents.epfl.ch/groups/l/lm/lms-unit/www/Lab_Logs/ThermoactiveGeotechnicalSystems2013%20/E.%20Organizer%20John%20McCartney%20%28center%29%20is%20discussing.jpg,9.944
http://lms.epfl.ch,http://lms.epfl.ch/about-us/lab-logs/thermoactive-geotechnical-systems-2013,https://documents.epfl.ch/groups/l/lm/lms-unit/www/Lab_Logs/ThermoactiveGeotechnicalSystems2013%20/K.%20Frontview%20of%20the%20meeting%20room.jpg,9.944
http://lms.epfl.ch,http://lms.epfl.ch/about-us/lab-logs/thermoactive-geotechnical-systems-2013,https://documents.epfl.ch/groups/l/lm/lms-unit/www/Lab_Logs/ThermoactiveGeotechnicalSystems2013%20/M.%20Frontview%20of%20the%20meeting%20room%20-%20Pic%203.jpg,9.944
http://lms.epfl.ch,http://lms.epfl.ch/about-us/lab-logs/thermoactive-geotechnical-systems-2013,https://documents.epfl.ch/groups/l/lm/lms-unit/www/Lab_Logs/ThermoactiveGeotechnicalSystems2013%20/R.%20Organizer%20Guney%20Olgun%20presents%20the%20keynote%20speakers%20%28Duncan%20Nicholson%29.jpg,9.944
http://lms.epfl.ch,http://lms.epfl.ch/about-us/lab-logs/thermoactive-geotechnical-systems-2013,https://documents.epfl.ch/groups/l/lm/lms-unit/www/Lab_Logs/ThermoactiveGeotechnicalSystems2013%20/F.%20Organizer%20Guney%20Olgun.jpg,9.944
http://lms.epfl.ch,http://lms.epfl.ch/about-us/lab-logs/thermoactive-geotechnical-systems-2013,https://documents.epfl.ch/groups/l/lm/lms-unit/www/Lab_Logs/ThermoactiveGeotechnicalSystems2013%20/L.%20Frontview%20of%20the%20meeting%20room%20-%20Pic%202.jpg,9.944
http://lms.epfl.ch,http://lms.epfl.ch/about-us/lab-logs/thermoactive-geotechnical-systems-2013,https://documents.epfl.ch/groups/l/lm/lms-unit/www/Lab_Logs/ThermoactiveGeotechnicalSystems2013%20/T.%20Lyesse%20Laloui%20during%20his%20plenary%20talk.jpg,9.944
http://lms.epfl.ch,http://lms.epfl.ch/about-us/lab-logs/thermoactive-geotechnical-systems-2013,https://documents.epfl.ch/groups/l/lm/lms-unit/www/Lab_Logs/ThermoactiveGeotechnicalSystems2013%20/G.%20Prof.%20Zhao%20from%20EPFL%20in%20discussion.jpg,9.944
http://lms.epfl.ch,http://lms.epfl.ch/about-us/lab-logs/thermoactive-geotechnical-systems-2013,https://documents.epfl.ch/groups/l/lm/lms-unit/www/Lab_Logs/ThermoactiveGeotechnicalSystems2013%20/N.%20Organizer%20Guney%20Olgun%20is%20explaining%20the%20goals.jpg,9.944
http://lms.epfl.ch,http://lms.epfl.ch/about-us/lab-logs/thermoactive-geotechnical-systems-2013,https://documents.epfl.ch/groups/l/lm/lms-unit/www/Lab_Logs/ThermoactiveGeotechnicalSystems2013%20/V.%20Workshop%20dinner.jpg,9.944
http://lms.epfl.ch,http://lms.epfl.ch/about-us/lab-logs/thermoactive-geotechnical-systems-2013,https://documents.epfl.ch/groups/l/lm/lms-unit/www/Lab_Logs/ThermoactiveGeotechnicalSystems2013%20/Q.%20Organizer%20Guney%20Olgun%20presents%20the%20keynote%20speakers%20%28Burkhard%20Sanner%29.jpg,9.944
http://lms.epfl.ch,http://lms.epfl.ch/about-us/guests/dr-foerster_1_1,https://documents.epfl.ch/groups/l/lm/lms-unit/www/Visites/DrFoerster/1,9.215
http://lms.epfl.ch,http://lms.epfl.ch/about-us/guests/dr-foerster_1_1,https://documents.epfl.ch/groups/l/lm/lms-unit/www/Visites/DrFoerster/2,9.215
http://lms.epfl.ch,http://lms.epfl.ch/about-us/guests/dr-foerster_1_1,https://documents.epfl.ch/groups/l/lm/lms-unit/www/Visites/DrFoerster/3,9.213000000000001
http://lms.epfl.ch,http://lms.epfl.ch/about-us/guests/dr-foerster_1_1,https://documents.epfl.ch/groups/l/lm/lms-unit/www/Visites/DrFoerster/4,9.216000000000001
http://lnb.epfl.ch,http://lnb.epfl.ch/page-146224-en.html,https://documents.epfl.ch/groups/l/ln/lnb-unit/public/LNB%20pictures/11%20Rouge%20FM%20radio%20presentation%20-%20June%202017.jpg,5.817
http://lnb.epfl.ch,http://lnb.epfl.ch/page-146224-en.html,https://documents.epfl.ch/groups/l/ln/lnb-unit/public/LNB%20pictures/10%20LNB%20ice%20skating%20-%20November%202016.JPG,5.817
http://lnb.epfl.ch,http://lnb.epfl.ch/page-146224-en.html,https://documents.epfl.ch/groups/l/ln/lnb-unit/public/LNB%20pictures/09%20LNB%20ice%20skating%20-%20November%202016.JPG,5.816
http://lnb.epfl.ch,http://lnb.epfl.ch/page-146224-en.html,https://documents.epfl.ch/groups/l/ln/lnb-unit/public/LNB%20pictures/08%20LNB%20ice%20skating%20-%20November%202016.JPG,5.8180000000000005
http://lnb.epfl.ch,http://lnb.epfl.ch/page-146224-en.html,https://documents.epfl.ch/groups/l/ln/lnb-unit/public/LNB%20pictures/07%20LNB%20hiking%20-%20May%202016.JPG,5.8180000000000005
http://lnb.epfl.ch,http://lnb.epfl.ch/page-146224-en.html,https://documents.epfl.ch/groups/l/ln/lnb-unit/public/LNB%20pictures/06%20LNB%20hiking%20-%20May%202016.JPG,5.816
http://lnb.epfl.ch,http://lnb.epfl.ch/page-146224-en.html,https://documents.epfl.ch/groups/l/ln/lnb-unit/public/LNB%20pictures/05%20LNB%20hiking%20-%20May%202016.JPG,5.817
http://lnb.epfl.ch,http://lnb.epfl.ch/page-146224-en.html,https://documents.epfl.ch/groups/l/ln/lnb-unit/public/LNB%20pictures/04%20LNB%20hiking%20-%20May%202016.JPG,5.817
http://lnb.epfl.ch,http://lnb.epfl.ch/page-146224-en.html,https://documents.epfl.ch/groups/l/ln/lnb-unit/public/LNB%20pictures/03%20Group%20picture%20in%20front%20of%20Rolex%20Center%20-%20September%202016.jpeg,5.815
http://lnb.epfl.ch,http://lnb.epfl.ch/page-146224-en.html,https://documents.epfl.ch/groups/l/ln/lnb-unit/public/LNB%20pictures/02%20Christmas%20dinner%20at%20Chalet%20Suisse%20-%20December%202016.jpeg,5.816
http://lnb.epfl.ch,http://lnb.epfl.ch/page-146224-en.html,https://documents.epfl.ch/groups/l/ln/lnb-unit/public/LNB%20pictures/01%20Christmas%20dinner%20at%20Chalet%20Suisse%20-%20December%202015.jpeg,5.817
http://lnco.epfl.ch,http://lnco.epfl.ch/photos,https://documents.epfl.ch/users/l/la/lance/www/Team/2005.jpg,7.067
http://lnco.epfl.ch,http://lnco.epfl.ch/photos,https://documents.epfl.ch/users/l/la/lance/www/Team/2006.jpg,7.067
http://lnco.epfl.ch,http://lnco.epfl.ch/photos,https://documents.epfl.ch/users/l/la/lance/www/Team/2007.jpg,7.0680000000000005
http://lnco.epfl.ch,http://lnco.epfl.ch/photos,https://documents.epfl.ch/users/l/la/lance/www/Team/2008.jpg,7.067
http://lnco.epfl.ch,http://lnco.epfl.ch/photos,https://documents.epfl.ch/users/l/la/lance/www/Team/2009.jpg,7.067
http://lnco.epfl.ch,http://lnco.epfl.ch/photos,https://documents.epfl.ch/users/l/la/lance/www/Team/2011.jpg,7.0680000000000005
http://lnco.epfl.ch,http://lnco.epfl.ch/photos,https://documents.epfl.ch/users/l/la/lance/www/Team/2013.jpg,7.0680000000000005
http://lnco.epfl.ch,http://lnco.epfl.ch/photos,https://documents.epfl.ch/users/l/la/lance/www/Team/2016.jpg,7.067
http://lnco.epfl.ch,http://lnco.epfl.ch/photos,https://documents.epfl.ch/users/l/la/lance/www/Team/2017.jpg,7.067
http://lnco.epfl.ch,http://lnco.epfl.ch/photos,https://documents.epfl.ch/users/j/jb/jbello/www/Silvia/92.jpg,7.0680000000000005
http://lnco.epfl.ch,http://lnco.epfl.ch/photos,https://documents.epfl.ch/users/j/jb/jbello/www/Silvia/91.jpg,7.067
http://lnco.epfl.ch,http://lnco.epfl.ch/photos,https://documents.epfl.ch/users/j/jb/jbello/www/Silvia/9.jpg,7.067
http://lnco.epfl.ch,http://lnco.epfl.ch/photos,https://documents.epfl.ch/users/j/jb/jbello/www/Silvia/8.jpg,7.0680000000000005
http://lnco.epfl.ch,http://lnco.epfl.ch/photos,https://documents.epfl.ch/users/j/jb/jbello/www/Silvia/7.jpg,7.067
http://lnco.epfl.ch,http://lnco.epfl.ch/photos,https://documents.epfl.ch/users/j/jb/jbello/www/Silvia/6.jpg,7.0680000000000005
http://lnco.epfl.ch,http://lnco.epfl.ch/photos,https://documents.epfl.ch/users/j/jb/jbello/www/Silvia/5.jpg,7.066
http://lnco.epfl.ch,http://lnco.epfl.ch/photos,https://documents.epfl.ch/users/j/jb/jbello/www/Silvia/4.jpg,7.0680000000000005
http://lnco.epfl.ch,http://lnco.epfl.ch/photos,https://documents.epfl.ch/users/j/jb/jbello/www/Silvia/3.jpg,7.067
http://lnco.epfl.ch,http://lnco.epfl.ch/photos,https://documents.epfl.ch/users/j/jb/jbello/www/Silvia/2.jpg,7.0680000000000005
http://lnco.epfl.ch,http://lnco.epfl.ch/photos,https://documents.epfl.ch/users/j/jb/jbello/www/Silvia/1.jpg,7.0680000000000005
http://lnco.epfl.ch,http://lnco.epfl.ch/realism,https://documents.epfl.ch/users/j/jb/jbello/www/RealiSM/1%20RealiSM%20Project.png,7.3500000000000005
http://lnco.epfl.ch,http://lnco.epfl.ch/realism,https://documents.epfl.ch/users/j/jb/jbello/www/RealiSM/5%20Setup.png,7.3500000000000005
http://lnco.epfl.ch,http://lnco.epfl.ch/realism,https://documents.epfl.ch/users/j/jb/jbello/www/RealiSM/7%20Setup.png,7.3500000000000005
http://lnco.epfl.ch,http://lnco.epfl.ch/realism,https://documents.epfl.ch/users/j/jb/jbello/www/RealiSM/2%20RealiSM%20Project.png,7.3500000000000005
http://lnco.epfl.ch,http://lnco.epfl.ch/realism,https://documents.epfl.ch/users/j/jb/jbello/www/RealiSM/3%20Composer.png,7.3500000000000005
http://lnco.epfl.ch,http://lnco.epfl.ch/realism,https://documents.epfl.ch/users/j/jb/jbello/www/RealiSM/4%20Composer.png,7.3500000000000005
http://lnco.epfl.ch,http://lnco.epfl.ch/realism,https://documents.epfl.ch/users/j/jb/jbello/www/RealiSM/6%20Setup.png,7.3500000000000005
http://lne.epfl.ch,http://lne.epfl.ch/page-120253-en.html,https://documents.epfl.ch/users/g/gh/ghezzi/public/LNE%20Group/LNE%20Group%20Winter%202018.jpg,8.012
http://lne.epfl.ch,http://lne.epfl.ch/page-120253-en.html,https://documents.epfl.ch/users/g/gh/ghezzi/public/LNE%20Group/LNE%20Group%20Fall%202017.jpg,8.013
http://lne.epfl.ch,http://lne.epfl.ch/page-120253-en.html,https://documents.epfl.ch/users/g/gh/ghezzi/public/LNE%20Group/LNE%20Group%20Winter%202017.jpg,8.013
http://lne.epfl.ch,http://lne.epfl.ch/page-120253-en.html,https://documents.epfl.ch/users/g/gh/ghezzi/public/LNE%20Group/LNE%20Group%20Fall%202016.jpg,8.012
http://lne.epfl.ch,http://lne.epfl.ch/page-120253-en.html,https://documents.epfl.ch/users/g/gh/ghezzi/public/LNE%20Group/LNE%20Group%20Spring%202016.jpg,8.012
http://lpdc.epfl.ch,http://lpdc.epfl.ch/gallery,https://documents.epfl.ch/groups/l/lp/lpdc-unit/www/Group%20outings/Christmas%20dinner%20at%20Cafe%20des%20Avenues%2020%20December%202017,6.564
http://lpdc.epfl.ch,http://lpdc.epfl.ch/gallery,https://documents.epfl.ch/groups/l/lp/lpdc-unit/www/Group%20outings/Group%20dinner%20at%20AIChE%20Minneapolis%2030%20October%202017,6.563
http://lpdc.epfl.ch,http://lpdc.epfl.ch/gallery,https://documents.epfl.ch/groups/l/lp/lpdc-unit/www/Group%20outings/Group%20dinner%20at%20Cafe%20les%20Alli%C3%A9s%2025%20October%202017,6.562
http://lpdc.epfl.ch,http://lpdc.epfl.ch/gallery,https://documents.epfl.ch/groups/l/lp/lpdc-unit/www/Group%20outings/Christmas%20dinner%20at%20Brasserie%20de%20Montbenon%2012%20December%202016,6.561
http://lpdc.epfl.ch,http://lpdc.epfl.ch/gallery,https://documents.epfl.ch/groups/l/lp/lpdc-unit/www/Group%20outings/Group%20dinner%20at%20Cafe%20de%20Grancy%2019%20October%202016.JPG,6.564
http://lpdc.epfl.ch,http://lpdc.epfl.ch/gallery,https://documents.epfl.ch/groups/l/lp/lpdc-unit/www/Group%20outings/Christmas%20dinner%20at%20Cafe%20les%20Alli%C3%A9s%2019%20December%202015,6.563
http://lpdc.epfl.ch,http://lpdc.epfl.ch/gallery,https://documents.epfl.ch/groups/l/lp/lpdc-unit/www/Group%20outings/Group%20dinner%20at%20Cafe%20les%20Alli%C3%A9s%204%20September%202015,6.563
http://lpdc.epfl.ch,http://lpdc.epfl.ch/gallery,https://documents.epfl.ch/groups/l/lp/lpdc-unit/www/Group%20outings/Group%20dinner%20at%20Cafe%20Romand%2017%20October%202014,6.563
http://lpdc.epfl.ch,http://lpdc.epfl.ch/gallery,https://documents.epfl.ch/groups/l/lp/lpdc-unit/www/Group%20outings/Christmas%20dinner%20at%20Brasserie%20de%20Montbenon%2012%20December%202014,6.562
http://lpdc.epfl.ch,http://lpdc.epfl.ch/gallery,https://documents.epfl.ch/groups/l/lp/lpdc-unit/www/Renovation%20of%20the%20lab/Equipment%20ordered,6.563
http://lpdc.epfl.ch,http://lpdc.epfl.ch/gallery,https://documents.epfl.ch/groups/l/lp/lpdc-unit/www/Renovation%20of%20the%20lab/The%20Beginning,6.563
http://lpdc.epfl.ch,http://lpdc.epfl.ch/gallery,https://documents.epfl.ch/groups/l/lp/lpdc-unit/www/Renovation%20of%20the%20lab/Small%20Lab,6.563
http://lpdc.epfl.ch,http://lpdc.epfl.ch/gallery,https://documents.epfl.ch/groups/l/lp/lpdc-unit/www/Renovation%20of%20the%20lab/One%20of%20the%20main%20rooms,6.563
http://lpdc.epfl.ch,http://lpdc.epfl.ch/gallery,https://documents.epfl.ch/groups/l/lp/lpdc-unit/www/Renovation%20of%20the%20lab/Work%20being%20started,6.564
http://lsms.epfl.ch,http://lsms.epfl.ch/page-59372-en.html,https://documents.epfl.ch/groups/l/ls/lsms-unit/www/lab%20life/19.01.18%20-%20Archery/website/06_%20LSMS%20-%20EPFL%20%2819%20Jan%202018%29-52-X4.jpg,7.623
http://lsms.epfl.ch,http://lsms.epfl.ch/page-59372-en.html,https://documents.epfl.ch/groups/l/ls/lsms-unit/www/lab%20life/19.01.18%20-%20Archery/website/_MG_5609.JPG,7.623
http://lsms.epfl.ch,http://lsms.epfl.ch/page-59372-en.html,https://documents.epfl.ch/groups/l/ls/lsms-unit/www/lab%20life/19.01.18%20-%20Archery/website/_MG_5601.JPG,7.623
http://lsms.epfl.ch,http://lsms.epfl.ch/page-59372-en.html,https://documents.epfl.ch/groups/l/ls/lsms-unit/www/lab%20life/19.01.18%20-%20Archery/website/_MG_5599.JPG,7.623
http://lsms.epfl.ch,http://lsms.epfl.ch/page-59372-en.html,https://documents.epfl.ch/groups/l/ls/lsms-unit/www/lab%20life/11.10.17%20-%20Raclette%20Fabian/website/IMG_20171011_212129299.jpg,7.623
http://lsms.epfl.ch,http://lsms.epfl.ch/page-59372-en.html,https://documents.epfl.ch/groups/l/ls/lsms-unit/www/lab%20life/11.10.17%20-%20Raclette%20Fabian/website/IMG_20171011_212104093.jpg,7.623
http://lsms.epfl.ch,http://lsms.epfl.ch/page-59372-en.html,https://documents.epfl.ch/groups/l/ls/lsms-unit/www/lab%20life/11.10.17%20-%20Raclette%20Fabian/website/IMG_20171011_202330202.jpg,7.623
http://lsms.epfl.ch,http://lsms.epfl.ch/page-59372-en.html,https://documents.epfl.ch/groups/l/ls/lsms-unit/www/lab%20life/11.10.17%20-%20Raclette%20Fabian/website/IMG_20171011_202249192.jpg,7.623
http://lsms.epfl.ch,http://lsms.epfl.ch/page-59372-en.html,https://documents.epfl.ch/groups/l/ls/lsms-unit/www/lab%20life/11.10.17%20-%20Raclette%20Fabian/website/IMG_20171011_200156.jpg,7.623
http://lsms.epfl.ch,http://lsms.epfl.ch/page-59372-en.html,https://documents.epfl.ch/groups/l/ls/lsms-unit/www/lab%20life/04.09.17%20-%20Retreat%20%40%20Locarno/website/IMG_1651.JPG,7.623
http://lsms.epfl.ch,http://lsms.epfl.ch/page-59372-en.html,https://documents.epfl.ch/groups/l/ls/lsms-unit/www/lab%20life/04.09.17%20-%20Retreat%20%40%20Locarno/website/21316188_10159373571170014_4887387903483367708_o.jpg,7.623
http://lsms.epfl.ch,http://lsms.epfl.ch/page-59372-en.html,https://documents.epfl.ch/groups/l/ls/lsms-unit/www/lab%20life/03.16.16-lab_retreat_leysin/IMG_1078_postprocess.JPG,7.623
http://lsms.epfl.ch,http://lsms.epfl.ch/page-59372-en.html,https://documents.epfl.ch/groups/l/ls/lsms-unit/www/lab%20life/12.21.15-end_of_year/3.jpg,7.623
http://lsms.epfl.ch,http://lsms.epfl.ch/page-59372-en.html,https://documents.epfl.ch/groups/l/ls/lsms-unit/www/lab%20life/12.21.15-end_of_year/2.jpg,7.623
http://lsms.epfl.ch,http://lsms.epfl.ch/page-59372-en.html,https://documents.epfl.ch/groups/l/ls/lsms-unit/www/lab%20life/12.21.15-end_of_year/1.jpg,7.623
http://lsms.epfl.ch,http://lsms.epfl.ch/page-59372-en.html,https://documents.epfl.ch/groups/l/ls/lsms-unit/www/lab%20life/17.12.13%20-%20End-of-year%20dinner%20at%20Le%20Chalet%20Suisse/chalet1.JPG,7.623
http://lsms.epfl.ch,http://lsms.epfl.ch/page-59372-en.html,https://documents.epfl.ch/groups/l/ls/lsms-unit/www/lab%20life/17.12.13%20-%20End-of-year%20dinner%20at%20Le%20Chalet%20Suisse/chalet2.JPG,7.623
http://lsms.epfl.ch,http://lsms.epfl.ch/page-69050-en.html,https://documents.epfl.ch/groups/l/ls/lsms-unit/www/students_projects/3d_beams_project/comparison.png,8.026
http://lsms.epfl.ch,http://lsms.epfl.ch/page-69050-en.html,https://documents.epfl.ch/groups/l/ls/lsms-unit/www/students_projects/3d_beams_project/moment.png,8.026
http://lsms.epfl.ch,http://lsms.epfl.ch/page-69050-en.html,https://documents.epfl.ch/groups/l/ls/lsms-unit/www/students_projects/3d_beams_project/torsion.png,8.026
http://lsms.epfl.ch,http://lsms.epfl.ch/page-123086-en.html,https://documents.epfl.ch/groups/l/ls/lsms-unit/www/students_projects/Monte-Carlo/Resulting%20probability%20density%20function%20of%20maximum%20displacement.png,8.41
http://lsms.epfl.ch,http://lsms.epfl.ch/page-123086-en.html,https://documents.epfl.ch/groups/l/ls/lsms-unit/www/students_projects/Monte-Carlo/Point%20cloud%20describing%20the%20effect%20of%20concrete%20elastic%20modulus%20on%20the%20maximum%20displacement.png,7.897
http://lsms.epfl.ch,http://lsms.epfl.ch/page-123086-en.html,https://documents.epfl.ch/groups/l/ls/lsms-unit/www/students_projects/Monte-Carlo/Deformations%20for%20average%20material%20properties.png,7.897
http://lsms.epfl.ch,http://lsms.epfl.ch/page-123086-en.html,https://documents.epfl.ch/groups/l/ls/lsms-unit/www/students_projects/Monte-Carlo/Finite%20Element%20Mesh%20%20of%20studied%20dam.png,7.897
http://lsms.epfl.ch,http://lsms.epfl.ch/page-123080-en.html,https://documents.epfl.ch/groups/l/ls/lsms-unit/www/students_projects/FEM_stability_problems/Hourglassing%20illustration%20for%20bilinear%20element.png,8.371
http://lsms.epfl.ch,http://lsms.epfl.ch/page-123080-en.html,https://documents.epfl.ch/groups/l/ls/lsms-unit/www/students_projects/FEM_stability_problems/Volumetric%20locking%20evolution%20of%20nodal%20displacement%20for%20increasing%20coefficient%20of%20Poisson.PNG,7.851
http://lsms.epfl.ch,http://lsms.epfl.ch/page-122700-en.html,https://documents.epfl.ch/groups/l/ls/lsms-unit/www/students_projects/dam_benchmark/Hoop%20stress%20in%20cross%20section%20at%20time%2013%27%27.png,8.351
http://lsms.epfl.ch,http://lsms.epfl.ch/page-122700-en.html,https://documents.epfl.ch/groups/l/ls/lsms-unit/www/students_projects/dam_benchmark/Dam%20displacement%20shape%20at%2013%27%27%20during%20the%20earthquake%20%28amplify%20by%20500%20times%29.png,7.825
http://metamedia.epfl.ch,http://metamedia.epfl.ch/montreux_jazz_digital_project/archiving/digitize/audio_video_digitization,https://documents.epfl.ch/groups/m/mm/mmc/www/Digitization/MJF%20Archive%20Digitization%20Process.jpg,8.365
http://metamedia.epfl.ch,http://metamedia.epfl.ch/montreux_jazz_digital_project/press/events,https://documents.epfl.ch/groups/m/mm/mmc/www/events/MJF%202016/MJF%202016%20Caux.jpg,15.816
http://metamedia.epfl.ch,http://metamedia.epfl.ch/montreux_jazz_digital_project/press/events,https://documents.epfl.ch/groups/m/mm/mmc/www/events/MJF%202016/MJF%202016%20Arche%2011.jpg,15.245000000000001
http://metamedia.epfl.ch,http://metamedia.epfl.ch/montreux_jazz_digital_project/press/events,https://documents.epfl.ch/groups/m/mm/mmc/www/events/MJF%202016/MJF%202016%20Arche%2010.jpg,15.245000000000001
http://metamedia.epfl.ch,http://metamedia.epfl.ch/montreux_jazz_digital_project/press/events,https://documents.epfl.ch/groups/m/mm/mmc/www/events/MJF%202016/MJF%202016%20Arche%2009.jpg,15.245000000000001
http://metamedia.epfl.ch,http://metamedia.epfl.ch/montreux_jazz_digital_project/press/events,https://documents.epfl.ch/groups/m/mm/mmc/www/events/MJF%202016/MJF%202016%20Arche%2008.jpg,15.245000000000001
http://metamedia.epfl.ch,http://metamedia.epfl.ch/montreux_jazz_digital_project/press/events,https://documents.epfl.ch/groups/m/mm/mmc/www/events/MJF%202016/MJF%202016%20Arche%2007.jpg,15.245000000000001
http://metamedia.epfl.ch,http://metamedia.epfl.ch/montreux_jazz_digital_project/press/events,https://documents.epfl.ch/groups/m/mm/mmc/www/events/MJF%202016/MJF%202016%20Arche%2006.jpg,15.245000000000001
http://metamedia.epfl.ch,http://metamedia.epfl.ch/montreux_jazz_digital_project/press/events,https://documents.epfl.ch/groups/m/mm/mmc/www/events/MJF%202016/MJF%202016%20Arche%2005.jpg,15.245000000000001
http://metamedia.epfl.ch,http://metamedia.epfl.ch/montreux_jazz_digital_project/press/events,https://documents.epfl.ch/groups/m/mm/mmc/www/events/MJF%202016/MJF%202016%20Arche%2004.jpg,15.245000000000001
http://metamedia.epfl.ch,http://metamedia.epfl.ch/montreux_jazz_digital_project/press/events,https://documents.epfl.ch/groups/m/mm/mmc/www/events/MJF%202016/MJF%202016%20Arche%2003.jpg,15.245000000000001
http://metamedia.epfl.ch,http://metamedia.epfl.ch/montreux_jazz_digital_project/press/events,https://documents.epfl.ch/groups/m/mm/mmc/www/events/MJF%202016/MJF%202016%20Arche%2002.jpg,15.245000000000001
http://metamedia.epfl.ch,http://metamedia.epfl.ch/montreux_jazz_digital_project/press/events,https://documents.epfl.ch/groups/m/mm/mmc/www/events/MJF%202016/MJF%202016%20Arche%2001.jpg,15.245000000000001
http://metamedia.epfl.ch,http://metamedia.epfl.ch/montreux_jazz_digital_project/press/events,https://documents.epfl.ch/groups/m/mm/mmc/www/events/MJF%202015/MJF%202015%20Jukebox%2004.jpg,15.245000000000001
http://metamedia.epfl.ch,http://metamedia.epfl.ch/montreux_jazz_digital_project/press/events,https://documents.epfl.ch/groups/m/mm/mmc/www/events/MJF%202015/MJF%202015%20Jukebox%2003.jpg,15.245000000000001
http://metamedia.epfl.ch,http://metamedia.epfl.ch/montreux_jazz_digital_project/press/events,https://documents.epfl.ch/groups/m/mm/mmc/www/events/MJF%202015/MJF%202015%20Jukebox%2002.jpg,15.245000000000001
http://metamedia.epfl.ch,http://metamedia.epfl.ch/montreux_jazz_digital_project/press/events,https://documents.epfl.ch/groups/m/mm/mmc/www/events/MJF%202015/MJF%202015%20Jukebox%2001.jpg,15.245000000000001
http://metamedia.epfl.ch,http://metamedia.epfl.ch/montreux_jazz_digital_project/press/events,https://documents.epfl.ch/groups/m/mm/mmc/www/events/MJF%202015/MJF%202015%20ECAL%2BLAB%2008.jpg,15.245000000000001
http://metamedia.epfl.ch,http://metamedia.epfl.ch/montreux_jazz_digital_project/press/events,https://documents.epfl.ch/groups/m/mm/mmc/www/events/MJF%202015/MJF%202015%20ECAL%2BLAB%2007.jpg,15.245000000000001
http://metamedia.epfl.ch,http://metamedia.epfl.ch/montreux_jazz_digital_project/press/events,https://documents.epfl.ch/groups/m/mm/mmc/www/events/MJF%202015/MJF%202015%20ECAL%2BLAB%2006.jpg,15.245000000000001
http://metamedia.epfl.ch,http://metamedia.epfl.ch/montreux_jazz_digital_project/press/events,https://documents.epfl.ch/groups/m/mm/mmc/www/events/MJF%202015/MJF%202015%20ECAL%2BLAB%2005.jpg,15.245000000000001
http://metamedia.epfl.ch,http://metamedia.epfl.ch/montreux_jazz_digital_project/press/events,https://documents.epfl.ch/groups/m/mm/mmc/www/events/MJF%202015/MJF%202015%20ECAL%2BLAB%2004.jpg,15.245000000000001
http://metamedia.epfl.ch,http://metamedia.epfl.ch/montreux_jazz_digital_project/press/events,https://documents.epfl.ch/groups/m/mm/mmc/www/events/MJF%202015/MJF%202015%20ECAL%2BLAB%2003.jpg,15.245000000000001
http://metamedia.epfl.ch,http://metamedia.epfl.ch/montreux_jazz_digital_project/press/events,https://documents.epfl.ch/groups/m/mm/mmc/www/events/MJF%202015/MJF%202015%20ECAL%2BLAB%2002.jpg,15.245000000000001
http://metamedia.epfl.ch,http://metamedia.epfl.ch/montreux_jazz_digital_project/press/events,https://documents.epfl.ch/groups/m/mm/mmc/www/events/MJF%202015/MJF%202015%20ECAL%2BLAB%2001.jpg,15.245000000000001
http://metamedia.epfl.ch,http://metamedia.epfl.ch/montreux_jazz_digital_project/press/events,https://documents.epfl.ch/groups/m/mm/mmc/www/events/MJF%202014/MJF%202014%20Old%20Casino%20AV%20Revival%2006a.jpg,15.245000000000001
http://metamedia.epfl.ch,http://metamedia.epfl.ch/montreux_jazz_digital_project/press/events,https://documents.epfl.ch/groups/m/mm/mmc/www/events/MJF%202014/MJF%202014%20iPad%20Application%20and%20SounD%20Dots%2005.jpg,15.245000000000001
http://metamedia.epfl.ch,http://metamedia.epfl.ch/montreux_jazz_digital_project/press/events,https://documents.epfl.ch/groups/m/mm/mmc/www/events/MJF%202014/MJF%202014%20iPad%20Application%20and%20SounD%20Dots%2006.jpg,15.245000000000001
http://metamedia.epfl.ch,http://metamedia.epfl.ch/montreux_jazz_digital_project/press/events,https://documents.epfl.ch/groups/m/mm/mmc/www/events/MJF%202014/MJF%202014%20Old%20Casino%20AV%20Revival%2001.jpg,15.245000000000001
http://metamedia.epfl.ch,http://metamedia.epfl.ch/montreux_jazz_digital_project/press/events,https://documents.epfl.ch/groups/m/mm/mmc/www/events/MJF%202014/MJF%202014%20Old%20Casino%20AV%20Revival%2003.jpg,15.245000000000001
http://metamedia.epfl.ch,http://metamedia.epfl.ch/montreux_jazz_digital_project/press/events,https://documents.epfl.ch/groups/m/mm/mmc/www/events/MJF%202014/MJF%202014%20Old%20Casino%20AV%20Revival%2005.jpg,15.245000000000001
http://metamedia.epfl.ch,http://metamedia.epfl.ch/montreux_jazz_digital_project/press/events,https://documents.epfl.ch/groups/m/mm/mmc/www/events/MJF%202014/MJF%202014%20Old%20Casino%20AV%20Revival%2002.jpg,15.245000000000001
http://metamedia.epfl.ch,http://metamedia.epfl.ch/montreux_jazz_digital_project/press/events,https://documents.epfl.ch/groups/m/mm/mmc/www/events/MJF%202014/MJF%202014%20Old%20Casino%20AV%20Revival%2004.jpg,15.245000000000001
http://metamedia.epfl.ch,http://metamedia.epfl.ch/montreux_jazz_digital_project/press/events,https://documents.epfl.ch/groups/m/mm/mmc/www/events/MJF%202014/MJF%202014%20iPad%20Application%20and%20SounD%20Dots%2001.jpg,15.245000000000001
http://metamedia.epfl.ch,http://metamedia.epfl.ch/montreux_jazz_digital_project/press/events,https://documents.epfl.ch/groups/m/mm/mmc/www/events/MJF%202014/MJF%202014%20iPad%20Application%20and%20SounD%20Dots%2002.jpg,15.245000000000001
http://metamedia.epfl.ch,http://metamedia.epfl.ch/montreux_jazz_digital_project/press/events,https://documents.epfl.ch/groups/m/mm/mmc/www/events/MJF%202014/MJF%202014%20iPad%20Application%20and%20SounD%20Dots%2004.jpg,15.245000000000001
http://metamedia.epfl.ch,http://metamedia.epfl.ch/montreux_jazz_digital_project/press/events,https://documents.epfl.ch/groups/m/mm/mmc/www/events/MJF%202014/MJF%202014%20iPad%20Application%20and%20SounD%20Dots%2003.jpg,15.245000000000001
http://metamedia.epfl.ch,http://metamedia.epfl.ch/montreux_jazz_digital_project/press/events,https://documents.epfl.ch/groups/m/mm/mmc/www/events/MJF%202013/MJF2013%20Tablet%20App%20Caux%2002%20Metamedia%20Center.jpg,15.245000000000001
http://metamedia.epfl.ch,http://metamedia.epfl.ch/montreux_jazz_digital_project/press/events,https://documents.epfl.ch/groups/m/mm/mmc/www/events/MJF%202013/MJF2013%20Tablet%20App%20Caux%2001%20Metamedia%20Center.jpg,15.245000000000001
http://metamedia.epfl.ch,http://metamedia.epfl.ch/montreux_jazz_digital_project/press/events,https://documents.epfl.ch/groups/m/mm/mmc/www/events/MJF%202013/MJF2013%20SounDDots%20Caux%20Metamedia%20Center.jpg,15.245000000000001
http://metamedia.epfl.ch,http://metamedia.epfl.ch/montreux_jazz_digital_project/press/events,https://documents.epfl.ch/groups/m/mm/mmc/www/events/MJF%202013/MJF2013%20Garden%20Caux%20MMC%2004%20Metamedia%20Center.jpg,15.245000000000001
http://metamedia.epfl.ch,http://metamedia.epfl.ch/montreux_jazz_digital_project/press/events,https://documents.epfl.ch/groups/m/mm/mmc/www/events/MJF%202013/MJF2013%20Tablets%202M2C%20Metamedia%20Center.jpg,15.245000000000001
http://metamedia.epfl.ch,http://metamedia.epfl.ch/montreux_jazz_digital_project/press/events,https://documents.epfl.ch/groups/m/mm/mmc/www/events/MJF%202013/MJF2013%20Garden%20Caux%20MMC%2005%20Metamedia%20Center.jpg,15.245000000000001
http://metamedia.epfl.ch,http://metamedia.epfl.ch/montreux_jazz_digital_project/press/events,https://documents.epfl.ch/groups/m/mm/mmc/www/events/MJF%202013/MJF2013%20Garden%20Caux%20MMC%2003%20Metamedia%20Center.jpg,15.245000000000001
http://metamedia.epfl.ch,http://metamedia.epfl.ch/montreux_jazz_digital_project/press/events,https://documents.epfl.ch/groups/m/mm/mmc/www/events/MJF%202013/MJF2013%20Garden%20Caux%20MMC%2001%20Metamedia%20Center.jpg,15.245000000000001
http://metamedia.epfl.ch,http://metamedia.epfl.ch/montreux_jazz_digital_project/press/events,https://documents.epfl.ch/groups/m/mm/mmc/www/events/MJF%202013/MJF2013%20Chalet%20Caux%20Metamedia%20Center.jpg,15.245000000000001
http://metamedia.epfl.ch,http://metamedia.epfl.ch/montreux_jazz_digital_project/press/events,https://documents.epfl.ch/groups/m/mm/mmc/www/events/MJF%202013/MJF2013%20Garden%20Caux%20MMC%2002%20Metamedia%20Center.jpg,15.245000000000001
http://metamedia.epfl.ch,http://metamedia.epfl.ch/montreux_jazz_digital_project/press/events,https://documents.epfl.ch/groups/m/mm/mmc/www/events/MJF%202013/MJF2013%20Garage%20Caux%20Metamedia%20Center.jpg,15.245000000000001
http://metamedia.epfl.ch,http://metamedia.epfl.ch/montreux_jazz_digital_project/press/events,https://documents.epfl.ch/groups/m/mm/mmc/www/events/MJF%202013/MJF2013%20Amplistor%202M2C%20Metamedia%20Center.jpg,15.245000000000001
http://metamedia.epfl.ch,http://metamedia.epfl.ch/montreux_jazz_digital_project/press/events,https://documents.epfl.ch/groups/m/mm/mmc/www/events/MJF%202012/MJF2012%20SounDDots%20Caux%202%20Metamedia%20Center.jpg,15.245000000000001
http://metamedia.epfl.ch,http://metamedia.epfl.ch/montreux_jazz_digital_project/press/events,https://documents.epfl.ch/groups/m/mm/mmc/www/events/MJF%202012/MJF2012%20Sound%20Relief%20Caux%2003%20Metamedia%20Center.jpg,15.245000000000001
http://metamedia.epfl.ch,http://metamedia.epfl.ch/montreux_jazz_digital_project/press/events,https://documents.epfl.ch/groups/m/mm/mmc/www/events/MJF%202012/MJF2012%20Sound%20Relief%20Caux%2002%20Metamedia%20Center.jpg,15.245000000000001
http://metamedia.epfl.ch,http://metamedia.epfl.ch/montreux_jazz_digital_project/press/events,https://documents.epfl.ch/groups/m/mm/mmc/www/events/MJF%202012/MJF2012%20Garage%20Caux%2003%20Metamedia%20Center.jpg,15.245000000000001
http://metamedia.epfl.ch,http://metamedia.epfl.ch/montreux_jazz_digital_project/press/events,https://documents.epfl.ch/groups/m/mm/mmc/www/events/MJF%202012/MJF2012%20Garage%20Caux%2001%20Metamedia%20Center.jpg,15.245000000000001
http://metamedia.epfl.ch,http://metamedia.epfl.ch/montreux_jazz_digital_project/press/events,https://documents.epfl.ch/groups/m/mm/mmc/www/events/MJF%202012/MJF2012%20Archives%20Caux%2002%20Metamedia%20Center.jpg,15.245000000000001
http://metamedia.epfl.ch,http://metamedia.epfl.ch/montreux_jazz_digital_project/press/events,https://documents.epfl.ch/groups/m/mm/mmc/www/events/MJF%202012/MJF2012%204K%20and%203D%20Screen%20Caux%20Metamedia%20Center.jpg,15.245000000000001
http://metamedia.epfl.ch,http://metamedia.epfl.ch/montreux_jazz_digital_project/press/events,https://documents.epfl.ch/groups/m/mm/mmc/www/events/MJF%202012/MJF2012%20SounDDots%20Caux%2001%20Metamedia%20Center.jpg,15.245000000000001
http://metamedia.epfl.ch,http://metamedia.epfl.ch/montreux_jazz_digital_project/press/events,https://documents.epfl.ch/groups/m/mm/mmc/www/events/MJF%202012/MJF2012%20Sound%20Relief%20Caux%2001%20Metamedia%20Center.jpg,15.245000000000001
http://metamedia.epfl.ch,http://metamedia.epfl.ch/montreux_jazz_digital_project/press/events,https://documents.epfl.ch/groups/m/mm/mmc/www/events/MJF%202012/MJF2012%20Garage%20Caux%2002%20Metamedia%20Center.jpg,15.245000000000001
http://metamedia.epfl.ch,http://metamedia.epfl.ch/montreux_jazz_digital_project/press/events,https://documents.epfl.ch/groups/m/mm/mmc/www/events/MJF%202012/MJF2012%20Archives%20Caux%2003%20Metamedia%20Center.jpg,15.245000000000001
http://metamedia.epfl.ch,http://metamedia.epfl.ch/montreux_jazz_digital_project/press/events,https://documents.epfl.ch/groups/m/mm/mmc/www/events/MJF%202012/MJF2012%20Archives%20Caux%2001%20Metamedia%20Center.jpg,15.245000000000001
http://metamedia.epfl.ch,http://metamedia.epfl.ch/montreux_jazz_digital_project/metadata/clean/archive_inventory,https://documents.epfl.ch/groups/m/mm/mmc/www/Archive%20Inventory/MJF%20Video%20Reference%20Key.jpg,7.9830000000000005
http://metamedia.epfl.ch,http://metamedia.epfl.ch/montreux_jazz_digital_project/metadata/clean/archive_inventory,https://documents.epfl.ch/groups/m/mm/mmc/www/Archive%20Inventory/Photo%20MJF%20Archive%20Tapes.jpg,7.9830000000000005
http://metamedia.epfl.ch,http://metamedia.epfl.ch/montreux_jazz_digital_project/metadata/clean/archive_inventory,https://documents.epfl.ch/groups/m/mm/mmc/www/Archive%20Inventory/MJF%20Archive%20Inventory%20Audio%20Tapes.jpg,7.9830000000000005
http://metamedia.epfl.ch,http://metamedia.epfl.ch/montreux_jazz_digital_project/metadata/clean/archive_inventory,https://documents.epfl.ch/groups/m/mm/mmc/www/Archive%20Inventory/MJF%20Archive%20Inventory%20Video%20Tapes.jpg,7.9830000000000005
http://metamedia.epfl.ch,http://metamedia.epfl.ch/montreux_jazz_digital_project/metadata/collect/unified_montreux_jazz_database,https://documents.epfl.ch/groups/m/mm/mmc/www/Montreux%20Jazz%20Festival%20Database/Montreux%20Jazz%20Digital%20Project%20Database%20-%20%20Digitization.jpg,8.523
http://metamedia.epfl.ch,http://metamedia.epfl.ch/montreux_jazz_digital_project/metadata/collect/unified_montreux_jazz_database,https://documents.epfl.ch/groups/m/mm/mmc/www/Montreux%20Jazz%20Festival%20Database/Montreux%20Jazz%20Digital%20Project%20%20Database%20-%20Rights.jpg,7.946
http://metamedia.epfl.ch,http://metamedia.epfl.ch/montreux_jazz_digital_project/metadata/collect/unified_montreux_jazz_database,https://documents.epfl.ch/groups/m/mm/mmc/www/Montreux%20Jazz%20Festival%20Database/Montreux%20Jazz%20Digital%20Projec%20Database%20-%20Quality%20Assessment.jpg,7.946
http://metamedia.epfl.ch,http://metamedia.epfl.ch/montreux_jazz_digital_project/metadata/collect/unified_montreux_jazz_database,https://documents.epfl.ch/groups/m/mm/mmc/www/Montreux%20Jazz%20Festival%20Database/Montreux%20Jaz%20Digital%20Project%20Database%20-%20Transfer.jpg,7.946
http://mir.epfl.ch,http://mir.epfl.ch/page-114851-en.html,https://documents.epfl.ch/users/z/zz/zzhu/public/UVEK2014/infrastrukturtagung_2014_08.jpg,6.562
http://mir.epfl.ch,http://mir.epfl.ch/page-114851-en.html,https://documents.epfl.ch/users/z/zz/zzhu/public/UVEK2014/infrastrukturtagung_2014_10.jpg,6.562
http://mir.epfl.ch,http://mir.epfl.ch/page-114851-en.html,https://documents.epfl.ch/users/z/zz/zzhu/public/UVEK2014/infrastrukturtagung_2014_13.jpg,6.562
http://mir.epfl.ch,http://mir.epfl.ch/page-114851-en.html,https://documents.epfl.ch/users/z/zz/zzhu/public/UVEK2014/infrastrukturtagung_2014_19.jpg,6.562
http://mir.epfl.ch,http://mir.epfl.ch/page-114851-en.html,https://documents.epfl.ch/users/z/zz/zzhu/public/UVEK2014/infrastrukturtagung_2014_01.jpg,6.562
http://mir.epfl.ch,http://mir.epfl.ch/page-114851-en.html,https://documents.epfl.ch/users/z/zz/zzhu/public/UVEK2014/infrastrukturtagung_2014_17.jpg,6.562
http://mir.epfl.ch,http://mir.epfl.ch/page-114851-en.html,https://documents.epfl.ch/users/z/zz/zzhu/public/UVEK2014/infrastrukturtagung_2014_20.jpg,6.562
http://mir.epfl.ch,http://mir.epfl.ch/page-114851-en.html,https://documents.epfl.ch/users/z/zz/zzhu/public/UVEK2014/infrastrukturtagung_2014_22.jpg,6.562
http://mir.epfl.ch,http://mir.epfl.ch/page-114851-en.html,https://documents.epfl.ch/users/z/zz/zzhu/public/UVEK2014/infrastrukturtagung_2014_29.jpg,6.562
http://mir.epfl.ch,http://mir.epfl.ch/page-114851-en.html,https://documents.epfl.ch/users/z/zz/zzhu/public/UVEK2014/infrastrukturtagung_2014_03.jpg,6.562
http://mir.epfl.ch,http://mir.epfl.ch/page-114851-en.html,https://documents.epfl.ch/users/z/zz/zzhu/public/UVEK2014/infrastrukturtagung_2014_23.jpg,6.562
http://mir.epfl.ch,http://mir.epfl.ch/page-114851-en.html,https://documents.epfl.ch/users/z/zz/zzhu/public/UVEK2014/infrastrukturtagung_2014_04.jpg,6.562
http://mir.epfl.ch,http://mir.epfl.ch/page-114851-en.html,https://documents.epfl.ch/users/z/zz/zzhu/public/UVEK2014/infrastrukturtagung_2014_11.jpg,6.562
http://mir.epfl.ch,http://mir.epfl.ch/page-114851-en.html,https://documents.epfl.ch/users/z/zz/zzhu/public/UVEK2014/infrastrukturtagung_2014_05.jpg,6.562
http://mir.epfl.ch,http://mir.epfl.ch/page-114851-en.html,https://documents.epfl.ch/users/z/zz/zzhu/public/UVEK2014/infrastrukturtagung_2014_21.jpg,6.562
http://mir.epfl.ch,http://mir.epfl.ch/page-114851-en.html,https://documents.epfl.ch/users/z/zz/zzhu/public/UVEK2014/infrastrukturtagung_2014_24.jpg,6.562
http://mir.epfl.ch,http://mir.epfl.ch/page-114851-en.html,https://documents.epfl.ch/users/z/zz/zzhu/public/UVEK2014/infrastrukturtagung_2014_28.jpg,6.562
http://mir.epfl.ch,http://mir.epfl.ch/page-114851-en.html,https://documents.epfl.ch/users/z/zz/zzhu/public/UVEK2014/infrastrukturtagung_2014_06.jpg,6.562
http://mir.epfl.ch,http://mir.epfl.ch/page-114851-en.html,https://documents.epfl.ch/users/z/zz/zzhu/public/UVEK2014/infrastrukturtagung_2014_16.jpg,6.562
http://mir.epfl.ch,http://mir.epfl.ch/page-114851-en.html,https://documents.epfl.ch/users/z/zz/zzhu/public/UVEK2014/infrastrukturtagung_2014_25.jpg,6.562
http://mir.epfl.ch,http://mir.epfl.ch/page-114851-en.html,https://documents.epfl.ch/users/z/zz/zzhu/public/UVEK2014/infrastrukturtagung_2014_07.jpg,6.562
http://mir.epfl.ch,http://mir.epfl.ch/page-114851-en.html,https://documents.epfl.ch/users/z/zz/zzhu/public/UVEK2014/infrastrukturtagung_2014_09.jpg,6.562
http://mir.epfl.ch,http://mir.epfl.ch/page-114851-en.html,https://documents.epfl.ch/users/z/zz/zzhu/public/UVEK2014/infrastrukturtagung_2014_14.jpg,6.562
http://mir.epfl.ch,http://mir.epfl.ch/page-114851-en.html,https://documents.epfl.ch/users/z/zz/zzhu/public/UVEK2014/infrastrukturtagung_2014_26.jpg,6.562
http://mir.epfl.ch,http://mir.epfl.ch/page-114851-en.html,https://documents.epfl.ch/users/z/zz/zzhu/public/UVEK2014/infrastrukturtagung_2014_27.jpg,6.562
http://mir.epfl.ch,http://mir.epfl.ch/page-114851-en.html,https://documents.epfl.ch/users/z/zz/zzhu/public/UVEK2014/infrastrukturtagung_2014_12.jpg,6.562
http://mir.epfl.ch,http://mir.epfl.ch/page-114851-en.html,https://documents.epfl.ch/users/z/zz/zzhu/public/UVEK2014/infrastrukturtagung_2014_18.jpg,6.562
http://mir.epfl.ch,http://mir.epfl.ch/page-114851-en.html,https://documents.epfl.ch/users/z/zz/zzhu/public/UVEK2014/infrastrukturtagung_2014_15.jpg,6.562
http://mir.epfl.ch,http://mir.epfl.ch/page-114851-en.html,https://documents.epfl.ch/users/z/zz/zzhu/public/UVEK2014/infrastrukturtagung_2014_30.jpg,6.562
http://mir.epfl.ch,http://mir.epfl.ch/page-114851-en.html,https://documents.epfl.ch/users/z/zz/zzhu/public/UVEK2014/infrastrukturtagung_2014_31.jpg,6.562
http://mir.epfl.ch,http://mir.epfl.ch/page-114851-en.html,https://documents.epfl.ch/users/z/zz/zzhu/public/UVEK2014/infrastrukturtagung_2014_02.jpg,6.562
http://mir.epfl.ch,http://mir.epfl.ch/page-114851-en.html,https://documents.epfl.ch/users/z/zz/zzhu/public/UVEK2014/infrastrukturtagung_2014_11A.jpg,6.562
http://mir.epfl.ch,http://mir.epfl.ch/page-151178-en.html,https://documents.epfl.ch/groups/m/mi/mir-unit/public/Infrastrukturtagung-2017-Fotogallerie/12-12.jpg,6.095
http://mir.epfl.ch,http://mir.epfl.ch/page-151178-en.html,https://documents.epfl.ch/groups/m/mi/mir-unit/public/Infrastrukturtagung-2017-Fotogallerie/11-11.jpg,6.095
http://mir.epfl.ch,http://mir.epfl.ch/page-151178-en.html,https://documents.epfl.ch/groups/m/mi/mir-unit/public/Infrastrukturtagung-2017-Fotogallerie/10-10.jpg,6.095
http://mir.epfl.ch,http://mir.epfl.ch/page-151178-en.html,https://documents.epfl.ch/groups/m/mi/mir-unit/public/Infrastrukturtagung-2017-Fotogallerie/09-09.jpg,6.095
http://mir.epfl.ch,http://mir.epfl.ch/page-151178-en.html,https://documents.epfl.ch/groups/m/mi/mir-unit/public/Infrastrukturtagung-2017-Fotogallerie/08-08.jpg,6.095
http://mir.epfl.ch,http://mir.epfl.ch/page-151178-en.html,https://documents.epfl.ch/groups/m/mi/mir-unit/public/Infrastrukturtagung-2017-Fotogallerie/07-07.jpg,6.095
http://mir.epfl.ch,http://mir.epfl.ch/page-151178-en.html,https://documents.epfl.ch/groups/m/mi/mir-unit/public/Infrastrukturtagung-2017-Fotogallerie/06-06.jpg,6.095
http://mir.epfl.ch,http://mir.epfl.ch/page-151178-en.html,https://documents.epfl.ch/groups/m/mi/mir-unit/public/Infrastrukturtagung-2017-Fotogallerie/05-05.jpg,6.095
http://mir.epfl.ch,http://mir.epfl.ch/page-151178-en.html,https://documents.epfl.ch/groups/m/mi/mir-unit/public/Infrastrukturtagung-2017-Fotogallerie/03-03.jpg,6.095
http://mir.epfl.ch,http://mir.epfl.ch/page-151178-en.html,https://documents.epfl.ch/groups/m/mi/mir-unit/public/Infrastrukturtagung-2017-Fotogallerie/04-04.jpg,6.095
http://mir.epfl.ch,http://mir.epfl.ch/page-151178-en.html,https://documents.epfl.ch/groups/m/mi/mir-unit/public/Infrastrukturtagung-2017-Fotogallerie/02-02.jpg,6.095
http://mir.epfl.ch,http://mir.epfl.ch/page-151178-en.html,https://documents.epfl.ch/groups/m/mi/mir-unit/public/Infrastrukturtagung-2017-Fotogallerie/01-01.jpg,6.095
http://mir.epfl.ch,http://mir.epfl.ch/page-126600-en.html,https://documents.epfl.ch/groups/m/mi/mir-unit/public/Infrastrukturtagung-2015-Fotogallerie/Infrastrukturtagung%202015%2021.jpg,6.336
http://mir.epfl.ch,http://mir.epfl.ch/page-126600-en.html,https://documents.epfl.ch/groups/m/mi/mir-unit/public/Infrastrukturtagung-2015-Fotogallerie/Infrastrukturtagung%202015%2020.JPG,6.336
http://mir.epfl.ch,http://mir.epfl.ch/page-126600-en.html,https://documents.epfl.ch/groups/m/mi/mir-unit/public/Infrastrukturtagung-2015-Fotogallerie/Infrastrukturtagung%202015%2018.JPG,6.336
http://mir.epfl.ch,http://mir.epfl.ch/page-126600-en.html,https://documents.epfl.ch/groups/m/mi/mir-unit/public/Infrastrukturtagung-2015-Fotogallerie/Infrastrukturtagung%202015%2019.jpg,6.336
http://mir.epfl.ch,http://mir.epfl.ch/page-126600-en.html,https://documents.epfl.ch/groups/m/mi/mir-unit/public/Infrastrukturtagung-2015-Fotogallerie/Infrastrukturtagung%202015%2017.jpg,6.336
http://mir.epfl.ch,http://mir.epfl.ch/page-126600-en.html,https://documents.epfl.ch/groups/m/mi/mir-unit/public/Infrastrukturtagung-2015-Fotogallerie/Infrastrukturtagung%202015%2015.jpg,6.336
http://mir.epfl.ch,http://mir.epfl.ch/page-126600-en.html,https://documents.epfl.ch/groups/m/mi/mir-unit/public/Infrastrukturtagung-2015-Fotogallerie/Infrastrukturtagung%202015%2014.jpg,6.336
http://mir.epfl.ch,http://mir.epfl.ch/page-126600-en.html,https://documents.epfl.ch/groups/m/mi/mir-unit/public/Infrastrukturtagung-2015-Fotogallerie/Infrastrukturtagung%202015%2013.jpg,6.336
http://mir.epfl.ch,http://mir.epfl.ch/page-126600-en.html,https://documents.epfl.ch/groups/m/mi/mir-unit/public/Infrastrukturtagung-2015-Fotogallerie/Infrastrukturtagung%202015%2009.jpg,6.336
http://mir.epfl.ch,http://mir.epfl.ch/page-126600-en.html,https://documents.epfl.ch/groups/m/mi/mir-unit/public/Infrastrukturtagung-2015-Fotogallerie/Infrastrukturtagung%202015%2008.jpg,6.336
http://mir.epfl.ch,http://mir.epfl.ch/page-126600-en.html,https://documents.epfl.ch/groups/m/mi/mir-unit/public/Infrastrukturtagung-2015-Fotogallerie/Infrastrukturtagung%202015%2006.jpg,6.336
http://mir.epfl.ch,http://mir.epfl.ch/page-126600-en.html,https://documents.epfl.ch/groups/m/mi/mir-unit/public/Infrastrukturtagung-2015-Fotogallerie/Infrastrukturtagung%202015%2007.jpg,6.336
http://mir.epfl.ch,http://mir.epfl.ch/page-126600-en.html,https://documents.epfl.ch/groups/m/mi/mir-unit/public/Infrastrukturtagung-2015-Fotogallerie/Infrastrukturtagung%202015%2005.jpg,6.336
http://mir.epfl.ch,http://mir.epfl.ch/page-126600-en.html,https://documents.epfl.ch/groups/m/mi/mir-unit/public/Infrastrukturtagung-2015-Fotogallerie/Infrastrukturtagung%202015%2004.jpg,6.336
http://mir.epfl.ch,http://mir.epfl.ch/page-126600-en.html,https://documents.epfl.ch/groups/m/mi/mir-unit/public/Infrastrukturtagung-2015-Fotogallerie/Infrastrukturtagung%202015%2003.JPG,6.336
http://mir.epfl.ch,http://mir.epfl.ch/page-126600-en.html,https://documents.epfl.ch/groups/m/mi/mir-unit/public/Infrastrukturtagung-2015-Fotogallerie/Infrastrukturtagung%202015%2001.JPG,6.336
http://mir.epfl.ch,http://mir.epfl.ch/page-126600-en.html,https://documents.epfl.ch/groups/m/mi/mir-unit/public/Infrastrukturtagung-2015-Fotogallerie/Infrastrukturtagung%202015%2012.JPG,6.336
http://mir.epfl.ch,http://mir.epfl.ch/page-126600-en.html,https://documents.epfl.ch/groups/m/mi/mir-unit/public/Infrastrukturtagung-2015-Fotogallerie/Infrastrukturtagung%202015%2011.jpg,6.336
http://mir.epfl.ch,http://mir.epfl.ch/page-126600-en.html,https://documents.epfl.ch/groups/m/mi/mir-unit/public/Infrastrukturtagung-2015-Fotogallerie/Infrastrukturtagung%202015%2010.jpg,6.336
http://mir.epfl.ch,http://mir.epfl.ch/page-138531-en.html,https://documents.epfl.ch/groups/m/mi/mir-unit/public/Infrastrukturtagung-2016-Fotogallerie/15_Foto14.jpg,6.191
http://mir.epfl.ch,http://mir.epfl.ch/page-138531-en.html,https://documents.epfl.ch/groups/m/mi/mir-unit/public/Infrastrukturtagung-2016-Fotogallerie/14-Foto13.jpg,6.191
http://mir.epfl.ch,http://mir.epfl.ch/page-138531-en.html,https://documents.epfl.ch/groups/m/mi/mir-unit/public/Infrastrukturtagung-2016-Fotogallerie/13-Foto12.jpg,6.191
http://mir.epfl.ch,http://mir.epfl.ch/page-138531-en.html,https://documents.epfl.ch/groups/m/mi/mir-unit/public/Infrastrukturtagung-2016-Fotogallerie/12-Foto11.jpg,6.191
http://mir.epfl.ch,http://mir.epfl.ch/page-138531-en.html,https://documents.epfl.ch/groups/m/mi/mir-unit/public/Infrastrukturtagung-2016-Fotogallerie/11-Foto10.jpg,6.191
http://mir.epfl.ch,http://mir.epfl.ch/page-138531-en.html,https://documents.epfl.ch/groups/m/mi/mir-unit/public/Infrastrukturtagung-2016-Fotogallerie/10-Foto9.jpg,6.191
http://mir.epfl.ch,http://mir.epfl.ch/page-138531-en.html,https://documents.epfl.ch/groups/m/mi/mir-unit/public/Infrastrukturtagung-2016-Fotogallerie/09-Foto8.jpg,6.191
http://mir.epfl.ch,http://mir.epfl.ch/page-138531-en.html,https://documents.epfl.ch/groups/m/mi/mir-unit/public/Infrastrukturtagung-2016-Fotogallerie/08-Foto7.jpg,6.191
http://mir.epfl.ch,http://mir.epfl.ch/page-138531-en.html,https://documents.epfl.ch/groups/m/mi/mir-unit/public/Infrastrukturtagung-2016-Fotogallerie/07-Foto6.jpg,6.191
http://mir.epfl.ch,http://mir.epfl.ch/page-138531-en.html,https://documents.epfl.ch/groups/m/mi/mir-unit/public/Infrastrukturtagung-2016-Fotogallerie/06-Foto5.jpg,6.191
http://mir.epfl.ch,http://mir.epfl.ch/page-138531-en.html,https://documents.epfl.ch/groups/m/mi/mir-unit/public/Infrastrukturtagung-2016-Fotogallerie/05-Foto4b.jpg,6.191
http://mir.epfl.ch,http://mir.epfl.ch/page-138531-en.html,https://documents.epfl.ch/groups/m/mi/mir-unit/public/Infrastrukturtagung-2016-Fotogallerie/04-Foto4a.jpg,6.191
http://mir.epfl.ch,http://mir.epfl.ch/page-138531-en.html,https://documents.epfl.ch/groups/m/mi/mir-unit/public/Infrastrukturtagung-2016-Fotogallerie/03-Foto3.jpg,6.191
http://mir.epfl.ch,http://mir.epfl.ch/page-138531-en.html,https://documents.epfl.ch/groups/m/mi/mir-unit/public/Infrastrukturtagung-2016-Fotogallerie/02-Foto2.jpg,6.191
http://mir.epfl.ch,http://mir.epfl.ch/page-138531-en.html,https://documents.epfl.ch/groups/m/mi/mir-unit/public/Infrastrukturtagung-2016-Fotogallerie/01-Foto1.jpg,6.191
